NUMBER,NAME,TYPE1,TYPE2,ABIILITY1,ABILITY2,HIDDEN_ABILITY,WEIGHT_KG,CATCH_RATE,BASE_HAPPINESS,HP,ATK,DEF,SPATK,SPDEF,SPD,EXP_CURVE,BASE_EXP,HP EV,ATK EV,DEF EV,SPATK EV,SPDEF EV,SPD EV
1,BULBASAUR,GRASS,POISON,OVERGROW,,,6.9,45,70,45,49,49,65,65,45,MEDIUM_SLOW,64,0,0,0,1,0,0
2,IVYSAUR,GRASS,POISON,OVERGROW,,,13,45,70,60,62,63,80,80,60,MEDIUM_SLOW,141,0,0,0,1,1,0
3,VENUSAUR,GRASS,POISON,OVERGROW,,,100,45,70,80,82,83,100,100,80,MEDIUM_SLOW,208,0,0,0,2,1,0
4,CHARMANDER,FIRE,,BLAZE,,,8.5,45,70,39,52,43,60,50,65,MEDIUM_SLOW,65,0,0,0,0,0,1
5,CHARMELEON,FIRE,,BLAZE,,,19,45,70,58,64,58,80,65,80,MEDIUM_SLOW,142,0,0,0,1,0,1
6,CHARIZARD,FIRE,FLYING,BLAZE,,,90.5,45,70,78,84,78,109,85,100,MEDIUM_SLOW,209,0,0,0,3,0,0
7,SQUIRTLE,WATER,,TORRENT,,,9,45,70,44,48,65,50,64,43,MEDIUM_SLOW,66,0,0,1,0,0,0
8,WARTORTLE,WATER,,TORRENT,,,22.5,45,70,59,63,80,65,80,58,MEDIUM_SLOW,143,0,0,1,0,1,0
9,BLASTOISE,WATER,,TORRENT,,,85.5,45,70,79,83,100,85,105,78,MEDIUM_SLOW,210,0,0,0,0,3,0
10,CATERPIE,BUG,,SHIELD DUST,,,2.9,255,70,45,30,35,20,20,45,MEDIUM_FAST,53,1,0,0,0,0,0
11,METAPOD,BUG,,SHED SKIN,,,9.9,120,70,50,20,55,25,25,30,MEDIUM_FAST,72,0,0,2,0,0,0
12,BUTTERFREE,BUG,FLYING,COMPOUNDEYES,,,32,45,70,60,45,50,80,80,70,MEDIUM_FAST,160,0,0,0,2,1,0
13,WEEDLE,BUG,POISON,SHIELD DUST,,,3.2,255,70,40,35,30,20,20,50,MEDIUM_FAST,52,0,0,0,0,0,1
14,KAKUNA,BUG,POISON,SHED SKIN,,,10,120,70,45,25,50,25,25,35,MEDIUM_FAST,71,0,0,2,0,0,0
15,BEEDRILL,BUG,POISON,SWARM,,,29.5,45,70,65,80,40,45,80,75,MEDIUM_FAST,159,0,2,0,0,1,0
16,PIDGEY,NORMAL,FLYING,KEEN EYE,,,1.8,255,70,40,45,40,35,35,56,MEDIUM_SLOW,55,0,0,0,0,0,1
17,PIDGEOTTO,NORMAL,FLYING,KEEN EYE,,,30,120,70,63,60,55,50,50,71,MEDIUM_SLOW,113,0,0,0,0,0,2
18,PIDGEOT,NORMAL,FLYING,KEEN EYE,,,39.5,45,70,83,80,75,70,70,91,MEDIUM_SLOW,172,0,0,0,0,0,3
19,RATTATA,NORMAL,,RUN AWAY,GUTS,,3.5,255,70,30,56,35,25,35,72,MEDIUM_FAST,57,0,0,0,0,0,1
20,RATICATE,NORMAL,,RUN AWAY,GUTS,,18.5,127,70,55,81,60,50,70,97,MEDIUM_FAST,116,0,0,0,0,0,2
21,SPEAROW,NORMAL,FLYING,KEEN EYE,,,2,255,70,40,60,30,31,31,70,MEDIUM_FAST,58,0,0,0,0,0,1
22,FEAROW,NORMAL,FLYING,KEEN EYE,,,38,90,70,65,90,65,61,61,100,MEDIUM_FAST,162,0,0,0,0,0,2
23,EKANS,POISON,,INTIMIDATE,SHED SKIN,,6.9,255,70,35,60,44,40,54,55,MEDIUM_FAST,62,0,1,0,0,0,0
24,ARBOK,POISON,,INTIMIDATE,SHED SKIN,,65,90,70,60,85,69,65,79,80,MEDIUM_FAST,147,0,2,0,0,0,0
25,PIKACHU,ELECTRIC,,STATIC,,,6,190,70,35,55,30,50,40,90,MEDIUM_FAST,82,0,0,0,0,0,2
26,RAICHU,ELECTRIC,,STATIC,,,30,75,70,60,90,55,90,80,100,MEDIUM_FAST,122,0,0,0,0,0,3
27,SANDSHREW,GROUND,,SAND VEIL,,,12,255,70,50,75,85,20,30,40,MEDIUM_FAST,93,0,0,1,0,0,0
28,SANDSLASH,GROUND,,SAND VEIL,,,29.5,90,70,75,100,110,45,55,65,MEDIUM_FAST,163,0,0,2,0,0,0
29,NIDORANF,POISON,,POISON POINT,,,7,235,70,55,47,52,40,40,41,MEDIUM_SLOW,59,1,0,0,0,0,0
30,NIDORINA,POISON,,POISON POINT,,,20,120,70,70,62,67,55,55,56,MEDIUM_SLOW,117,2,0,0,0,0,0
31,NIDOQUEEN,POISON,GROUND,POISON POINT,,,60,45,70,90,82,87,75,85,76,MEDIUM_SLOW,194,3,0,0,0,0,0
32,NIDORANM,POISON,,POISON POINT,,,9,235,70,46,57,40,40,40,50,MEDIUM_SLOW,60,0,1,0,0,0,0
33,NIDORINO,POISON,,POISON POINT,,,19.5,120,70,61,72,57,55,55,65,MEDIUM_SLOW,118,0,2,0,0,0,0
34,NIDOKING,POISON,GROUND,POISON POINT,,,62,45,70,81,92,77,85,75,85,MEDIUM_SLOW,195,0,3,0,0,0,0
35,CLEFAIRY,NORMAL,,CUTE CHARM,,,7.5,150,140,70,45,48,60,65,35,FAST,68,2,0,0,0,0,0
36,CLEFABLE,NORMAL,,CUTE CHARM,,,40,25,140,95,70,73,85,90,60,FAST,129,3,0,0,0,0,0
37,VULPIX,FIRE,,FLASH FIRE,,,9.9,190,70,38,41,40,50,65,65,MEDIUM_FAST,63,0,0,0,0,0,1
38,NINETALES,FIRE,,FLASH FIRE,,,19.9,75,70,73,76,75,81,100,100,MEDIUM_FAST,178,0,0,0,0,1,1
39,JIGGLYPUFF,NORMAL,,CUTE CHARM,,,5.5,170,70,115,45,20,45,25,20,FAST,76,2,0,0,0,0,0
40,WIGGLYTUFF,NORMAL,,CUTE CHARM,,,12,50,70,140,70,45,75,50,45,FAST,109,3,0,0,0,0,0
41,ZUBAT,POISON,FLYING,INNER FOCUS,,,7.5,255,70,40,45,35,30,40,55,MEDIUM_FAST,54,0,0,0,0,0,1
42,GOLBAT,POISON,FLYING,INNER FOCUS,,,55,90,70,75,80,70,65,75,90,MEDIUM_FAST,171,0,0,0,0,0,2
43,ODDISH,GRASS,POISON,CHLOROPHYLL,,,5.4,255,70,45,50,55,75,65,30,MEDIUM_SLOW,78,0,0,0,1,0,0
44,GLOOM,GRASS,POISON,CHLOROPHYLL,,,8.6,120,70,60,65,70,85,75,40,MEDIUM_SLOW,132,0,0,0,2,0,0
45,VILEPLUME,GRASS,POISON,CHLOROPHYLL,,,18.6,45,70,75,80,85,100,90,50,MEDIUM_SLOW,184,0,0,0,3,0,0
46,PARAS,BUG,GRASS,EFFECT SPORE,,,5.4,190,70,35,70,55,45,55,25,MEDIUM_FAST,70,0,1,0,0,0,0
47,PARASECT,BUG,GRASS,EFFECT SPORE,,,29.5,75,70,60,95,80,60,80,30,MEDIUM_FAST,128,0,2,1,0,0,0
48,VENONAT,BUG,POISON,COMPOUNDEYES,,,30,190,70,60,55,50,40,55,45,MEDIUM_FAST,75,0,0,0,0,1,0
49,VENOMOTH,BUG,POISON,SHIELD DUST,,,12.5,75,70,70,65,60,90,75,90,MEDIUM_FAST,138,0,0,0,1,0,1
50,DIGLETT,GROUND,,SAND VEIL,ARENA TRAP,,0.8,255,70,10,55,25,35,45,95,MEDIUM_FAST,81,0,0,0,0,0,1
51,DUGTRIO,GROUND,,SAND VEIL,ARENA TRAP,,33.3,50,70,35,80,50,50,70,120,MEDIUM_FAST,153,0,0,0,0,0,2
52,MEOWTH,NORMAL,,PICKUP,,,4.2,255,70,40,45,35,40,40,90,MEDIUM_FAST,69,0,0,0,0,0,1
53,PERSIAN,NORMAL,,LIMBER,,,32,90,70,65,70,60,65,65,115,MEDIUM_FAST,148,0,0,0,0,0,2
54,PSYDUCK,WATER,,DAMP,CLOUD NINE,,19.6,190,70,50,52,48,65,50,55,MEDIUM_FAST,80,0,0,0,1,0,0
55,GOLDUCK,WATER,,DAMP,CLOUD NINE,,76.6,75,70,80,82,78,95,80,85,MEDIUM_FAST,174,0,0,0,2,0,0
56,MANKEY,FIGHTING,,VITAL SPIRIT,,,28,190,70,40,80,35,35,45,70,MEDIUM_FAST,74,0,1,0,0,0,0
57,PRIMEAPE,FIGHTING,,VITAL SPIRIT,,,32,75,70,65,105,60,60,70,95,MEDIUM_FAST,149,0,2,0,0,0,0
58,GROWLITHE,FIRE,,INTIMIDATE,FLASH FIRE,,19,190,70,55,70,45,70,50,60,SLOW,91,0,1,0,0,0,0
59,ARCANINE,FIRE,,INTIMIDATE,FLASH FIRE,,155,75,70,90,110,80,100,80,95,SLOW,213,0,2,0,0,0,0
60,POLIWAG,WATER,,WATER ABSORB,DAMP,,12.4,255,70,40,50,40,40,40,90,MEDIUM_SLOW,77,0,0,0,0,0,1
61,POLIWHIRL,WATER,,WATER ABSORB,DAMP,,20,120,70,65,65,65,50,50,90,MEDIUM_SLOW,131,0,0,0,0,0,2
62,POLIWRATH,WATER,FIGHTING,WATER ABSORB,DAMP,,54,45,70,90,85,95,70,90,70,MEDIUM_SLOW,185,0,0,3,0,0,0
63,ABRA,PSYCHIC,,SYNCHRONIZE,INNER FOCUS,,19.5,200,70,25,20,15,105,55,90,MEDIUM_SLOW,73,0,0,0,1,0,0
64,KADABRA,PSYCHIC,,SYNCHRONIZE,INNER FOCUS,,56.5,100,70,40,35,30,120,70,105,MEDIUM_SLOW,145,0,0,0,2,0,0
65,ALAKAZAM,PSYCHIC,,SYNCHRONIZE,INNER FOCUS,,48,50,70,55,50,45,135,85,120,MEDIUM_SLOW,186,0,0,0,3,0,0
66,MACHOP,FIGHTING,,GUTS,,,19.5,180,70,70,80,50,35,35,35,MEDIUM_SLOW,88,0,1,0,0,0,0
67,MACHOKE,FIGHTING,,GUTS,,,70.5,90,70,80,100,70,50,60,45,MEDIUM_SLOW,146,0,2,0,0,0,0
68,MACHAMP,FIGHTING,,GUTS,,,130,45,70,90,130,80,65,85,55,MEDIUM_SLOW,193,0,3,0,0,0,0
69,BELLSPROUT,GRASS,POISON,CHLOROPHYLL,,,4,255,70,50,75,35,70,30,40,MEDIUM_SLOW,84,0,1,0,0,0,0
70,WEEPINBELL,GRASS,POISON,CHLOROPHYLL,,,6.4,120,70,65,90,50,85,45,55,MEDIUM_SLOW,151,0,2,0,0,0,0
71,VICTREEBEL,GRASS,POISON,CHLOROPHYLL,,,15.5,45,70,80,105,65,100,60,70,MEDIUM_SLOW,191,0,3,0,0,0,0
72,TENTACOOL,WATER,POISON,CLEAR BODY,LIQUID OOZE,,45.5,190,70,40,40,35,50,100,70,SLOW,105,0,0,0,0,1,0
73,TENTACRUEL,WATER,POISON,CLEAR BODY,LIQUID OOZE,,55,60,70,80,70,65,80,120,100,SLOW,205,0,0,0,0,2,0
74,GEODUDE,ROCK,GROUND,ROCK HEAD,STURDY,,20,255,70,40,80,100,30,30,20,MEDIUM_SLOW,86,0,0,1,0,0,0
75,GRAVELER,ROCK,GROUND,ROCK HEAD,STURDY,,105,120,70,55,95,115,45,45,35,MEDIUM_SLOW,134,0,0,2,0,0,0
76,GOLEM,ROCK,GROUND,ROCK HEAD,STURDY,,300,45,70,80,110,130,55,65,45,MEDIUM_SLOW,177,0,0,3,0,0,0
77,PONYTA,FIRE,,RUN AWAY,FLASH FIRE,,30,190,70,50,85,55,65,65,90,MEDIUM_FAST,152,0,0,0,0,0,1
78,RAPIDASH,FIRE,,RUN AWAY,FLASH FIRE,,95,60,70,65,100,70,80,80,105,MEDIUM_FAST,192,0,0,0,0,0,2
79,SLOWPOKE,WATER,PSYCHIC,OBLIVIOUS,OWN TEMPO,,36,190,70,90,65,65,40,40,15,MEDIUM_FAST,99,1,0,0,0,0,0
80,SLOWBRO,WATER,PSYCHIC,OBLIVIOUS,OWN TEMPO,,78.5,75,70,95,75,110,100,80,30,MEDIUM_FAST,164,0,0,2,0,0,0
81,MAGNEMITE,ELECTRIC,STEEL,MAGNET PULL,STURDY,,6,190,70,25,35,70,95,55,45,MEDIUM_FAST,89,0,0,0,1,0,0
82,MAGNETON,ELECTRIC,STEEL,MAGNET PULL,STURDY,,60,60,70,50,60,95,120,70,70,MEDIUM_FAST,161,0,0,0,2,0,0
83,FARFETCH'D,NORMAL,FLYING,KEEN EYE,INNER FOCUS,,15,45,70,52,65,55,58,62,60,MEDIUM_FAST,94,0,1,0,0,0,0
84,DODUO,NORMAL,FLYING,RUN AWAY,EARLY BIRD,,39.2,190,70,35,85,45,35,35,75,MEDIUM_FAST,96,0,1,0,0,0,0
85,DODRIO,NORMAL,FLYING,RUN AWAY,EARLY BIRD,,85.2,45,70,60,110,70,60,60,100,MEDIUM_FAST,158,0,2,0,0,0,0
86,SEEL,WATER,,THICK FAT,,,90,190,70,65,45,55,45,70,45,MEDIUM_FAST,100,0,0,0,0,1,0
87,DEWGONG,WATER,ICE,THICK FAT,,,120,75,70,90,70,80,70,95,70,MEDIUM_FAST,176,0,0,0,0,2,0
88,GRIMER,POISON,,STENCH,STICKY HOLD,,30,190,70,80,80,50,40,50,25,MEDIUM_FAST,90,1,0,0,0,0,0
89,MUK,POISON,,STENCH,STICKY HOLD,,30,75,70,105,105,75,65,100,50,MEDIUM_FAST,157,1,1,0,0,0,0
90,SHELLDER,WATER,,SHELL ARMOR,,,4,190,70,30,65,100,45,25,40,SLOW,97,0,0,1,0,0,0
91,CLOYSTER,WATER,ICE,SHELL ARMOR,,,132.5,60,70,50,95,180,85,45,70,SLOW,203,0,0,2,0,0,0
92,GASTLY,GHOST,POISON,LEVITATE,,,0.1,190,70,30,35,30,100,35,80,MEDIUM_SLOW,95,0,0,0,1,0,0
93,HAUNTER,GHOST,POISON,LEVITATE,,,0.1,90,70,45,50,45,115,55,95,MEDIUM_SLOW,126,0,0,0,2,0,0
94,GENGAR,GHOST,POISON,LEVITATE,,,40.5,45,70,60,65,60,130,75,110,MEDIUM_SLOW,190,0,0,0,3,0,0
95,ONIX,ROCK,GROUND,ROCK HEAD,STURDY,,210,45,70,35,45,160,30,45,70,MEDIUM_FAST,108,0,0,1,0,0,0
96,DROWZEE,PSYCHIC,,INSOMNIA,,,32.4,190,70,60,48,45,43,90,42,MEDIUM_FAST,102,0,0,0,0,1,0
97,HYPNO,PSYCHIC,,INSOMNIA,,,75.6,75,70,85,73,70,73,115,67,MEDIUM_FAST,165,0,0,0,0,2,0
98,KRABBY,WATER,,HYPER CUTTER,SHELL ARMOR,,6.5,225,70,30,105,90,25,25,50,MEDIUM_FAST,115,0,1,0,0,0,0
99,KINGLER,WATER,,HYPER CUTTER,SHELL ARMOR,,60,60,70,55,130,115,50,50,75,MEDIUM_FAST,206,0,2,0,0,0,0
100,VOLTORB,ELECTRIC,,SOUNDPROOF,STATIC,,10.4,190,70,40,30,50,55,55,100,MEDIUM_FAST,103,0,0,0,0,0,1
101,ELECTRODE,ELECTRIC,,SOUNDPROOF,STATIC,,66.6,60,70,60,50,70,80,80,140,MEDIUM_FAST,150,0,0,0,0,0,2
102,EXEGGCUTE,GRASS,PSYCHIC,CHLOROPHYLL,,,2.5,90,70,60,40,80,60,45,40,SLOW,98,0,0,1,0,0,0
103,EXEGGUTOR,GRASS,PSYCHIC,CHLOROPHYLL,,,120,45,70,95,95,85,125,65,55,SLOW,212,0,0,0,2,0,0
104,CUBONE,GROUND,,ROCK HEAD,LIGHTNINGROD,,6.5,190,70,50,50,95,40,50,35,MEDIUM_FAST,87,0,0,1,0,0,0
105,MAROWAK,GROUND,,ROCK HEAD,LIGHTNINGROD,,45,75,70,60,80,110,50,80,45,MEDIUM_FAST,124,0,0,2,0,0,0
106,HITMONLEE,FIGHTING,,LIMBER,,,49.8,45,70,50,120,53,35,110,87,MEDIUM_FAST,139,0,2,0,0,0,0
107,HITMONCHAN,FIGHTING,,KEEN EYE,,,50.2,45,70,50,105,79,35,110,76,MEDIUM_FAST,140,0,0,0,0,2,0
108,LICKITUNG,NORMAL,,OWN TEMPO,OBLIVIOUS,,65.5,45,70,90,55,75,60,75,30,MEDIUM_FAST,127,2,0,0,0,0,0
109,KOFFING,POISON,,LEVITATE,,,1,190,70,40,65,95,60,45,35,MEDIUM_FAST,114,0,0,1,0,0,0
110,WEEZING,POISON,,LEVITATE,,,9.5,60,70,65,90,120,85,70,60,MEDIUM_FAST,173,0,0,2,0,0,0
111,RHYHORN,GROUND,ROCK,LIGHTNINGROD,ROCK HEAD,,115,120,70,80,85,95,30,30,25,SLOW,135,0,0,1,0,0,0
112,RHYDON,GROUND,ROCK,LIGHTNINGROD,ROCK HEAD,,120,60,70,105,130,120,45,45,40,SLOW,204,0,2,0,0,0,0
113,CHANSEY,NORMAL,,NATURAL CURE,SERENE GRACE,,34.6,30,140,250,5,5,35,105,50,FAST,255,2,0,0,0,0,0
114,TANGELA,GRASS,,CHLOROPHYLL,,,35,45,70,65,55,115,100,40,60,MEDIUM_FAST,166,0,0,1,0,0,0
115,KANGASKHAN,NORMAL,,EARLY BIRD,,,80,45,70,105,95,80,40,80,90,MEDIUM_FAST,175,2,0,0,0,0,0
116,HORSEA,WATER,,SWIFT SWIM,,,8,225,70,30,40,70,70,25,60,MEDIUM_FAST,83,0,0,0,1,0,0
117,SEADRA,WATER,,POISON POINT,,,25,75,70,55,65,95,95,45,85,MEDIUM_FAST,155,0,0,1,1,0,0
118,GOLDEEN,WATER,,SWIFT SWIM,WATER VEIL,,15,225,70,45,67,60,35,50,63,MEDIUM_FAST,111,0,1,0,0,0,0
119,SEAKING,WATER,,SWIFT SWIM,WATER VEIL,,39,60,70,80,92,65,65,80,68,MEDIUM_FAST,170,0,2,0,0,0,0
120,STARYU,WATER,,ILLUMINATE,NATURAL CURE,,34.5,225,70,30,45,55,70,55,85,SLOW,106,0,0,0,0,0,1
121,STARMIE,WATER,PSYCHIC,ILLUMINATE,NATURAL CURE,,80,60,70,60,75,85,100,85,115,SLOW,207,0,0,0,0,0,2
122,MRMIME,PSYCHIC,,SOUNDPROOF,,,54.5,45,70,40,45,65,100,120,90,MEDIUM_FAST,136,0,0,0,0,2,0
123,SCYTHER,BUG,FLYING,SWARM,,,56,45,70,70,110,80,55,80,105,MEDIUM_FAST,187,0,1,0,0,0,0
124,JYNX,ICE,PSYCHIC,OBLIVIOUS,,,40.6,45,70,65,50,35,115,95,95,MEDIUM_FAST,137,0,0,0,2,0,0
125,ELECTABUZZ,ELECTRIC,,STATIC,,,30,45,70,65,83,57,95,85,105,MEDIUM_FAST,156,0,0,0,0,0,2
126,MAGMAR,FIRE,,FLAME BODY,,,44.5,45,70,65,95,57,100,85,93,MEDIUM_FAST,167,0,0,0,2,0,0
127,PINSIR,BUG,,HYPER CUTTER,,,55,45,70,65,125,100,55,70,85,SLOW,200,0,2,0,0,0,0
128,TAUROS,NORMAL,,INTIMIDATE,,,88.4,45,70,75,100,95,40,70,110,SLOW,211,0,1,0,0,0,1
129,MAGIKARP,WATER,,SWIFT SWIM,,,10,255,70,20,10,55,15,20,80,SLOW,20,0,0,0,0,0,1
130,GYARADOS,WATER,FLYING,INTIMIDATE,,,235,45,70,95,125,79,60,100,81,SLOW,214,0,2,0,0,0,0
131,LAPRAS,WATER,ICE,WATER ABSORB,SHELL ARMOR,,220,45,70,130,85,80,85,95,60,SLOW,219,2,0,0,0,0,0
132,DITTO,NORMAL,,LIMBER,,,4,35,70,48,48,48,48,48,48,MEDIUM_FAST,61,1,0,0,0,0,0
133,EEVEE,NORMAL,,RUN AWAY,,,6.5,45,70,55,55,50,45,65,55,MEDIUM_FAST,92,0,0,0,0,1,0
134,VAPOREON,WATER,,WATER ABSORB,,,29,45,70,130,65,60,110,95,65,MEDIUM_FAST,196,2,0,0,0,0,0
135,JOLTEON,ELECTRIC,,VOLT ABSORB,,,24.5,45,70,65,65,60,110,95,130,MEDIUM_FAST,197,0,0,0,0,0,2
136,FLAREON,FIRE,,FLASH FIRE,,,25,45,70,65,130,60,95,110,65,MEDIUM_FAST,198,0,2,0,0,0,0
137,PORYGON,NORMAL,,TRACE,,,36.5,45,70,65,60,70,85,75,40,MEDIUM_FAST,130,0,0,0,1,0,0
138,OMANYTE,ROCK,WATER,SWIFT SWIM,SHELL ARMOR,,7.5,45,70,35,40,100,90,55,35,MEDIUM_FAST,120,0,0,1,0,0,0
139,OMASTAR,ROCK,WATER,SWIFT SWIM,SHELL ARMOR,,35,45,70,70,60,125,115,70,55,MEDIUM_FAST,199,0,0,2,0,0,0
140,KABUTO,ROCK,WATER,SWIFT SWIM,BATTLE ARMOR,,11.5,45,70,30,80,90,55,45,55,MEDIUM_FAST,119,0,0,1,0,0,0
141,KABUTOPS,ROCK,WATER,SWIFT SWIM,BATTLE ARMOR,,40.5,45,70,60,115,105,65,70,80,MEDIUM_FAST,201,0,2,0,0,0,0
142,AERODACTYL,ROCK,FLYING,ROCK HEAD,PRESSURE,,59,45,70,80,105,65,60,75,130,SLOW,202,0,0,0,0,0,2
143,SNORLAX,NORMAL,,IMMUNITY,THICK FAT,,460,25,70,160,110,65,65,110,30,SLOW,154,2,0,0,0,0,0
144,ARTICUNO,ICE,FLYING,PRESSURE,,,55.4,3,35,90,85,100,95,125,85,SLOW,215,0,0,0,0,3,0
145,ZAPDOS,ELECTRIC,FLYING,PRESSURE,,,52.6,3,35,90,90,85,125,90,100,SLOW,216,0,0,0,3,0,0
146,MOLTRES,FIRE,FLYING,PRESSURE,,,60,3,35,90,100,90,125,85,90,SLOW,217,0,0,0,3,0,0
147,DRATINI,DRAGON,,SHED SKIN,,,3.3,45,35,41,64,45,50,50,50,SLOW,67,0,1,0,0,0,0
148,DRAGONAIR,DRAGON,,SHED SKIN,,,16.5,45,35,61,84,65,70,70,70,SLOW,144,0,2,0,0,0,0
149,DRAGONITE,DRAGON,FLYING,INNER FOCUS,,,210,45,35,91,134,95,100,100,80,SLOW,218,0,3,0,0,0,0
150,MEWTWO,PSYCHIC,,PRESSURE,,,122,3,0,106,110,90,154,90,130,SLOW,220,0,0,0,3,0,0
151,MEW,PSYCHIC,,SYNCHRONIZE,,,4,45,100,100,100,100,100,100,100,MEDIUM_SLOW,64,3,0,0,0,0,0
152,CHIKORITA,GRASS,,OVERGROW,,,6.4,45,70,45,49,65,49,65,45,MEDIUM_SLOW,64,0,0,0,0,1,0
153,BAYLEEF,GRASS,,OVERGROW,,,15.8,45,70,60,62,80,63,80,60,MEDIUM_SLOW,141,0,0,1,0,1,0
154,MEGANIUM,GRASS,,OVERGROW,,,100.5,45,70,80,82,100,83,100,80,MEDIUM_SLOW,208,0,0,1,0,2,0
155,CYNDAQUIL,FIRE,,BLAZE,,,7.9,45,70,39,52,43,60,50,65,MEDIUM_SLOW,65,0,0,0,0,0,1
156,QUILAVA,FIRE,,BLAZE,,,19,45,70,58,64,58,80,65,80,MEDIUM_SLOW,142,0,0,0,1,0,1
157,TYPHLOSION,FIRE,,BLAZE,,,79.5,45,70,78,84,78,109,85,100,MEDIUM_SLOW,209,0,0,0,3,0,0
158,TOTODILE,WATER,,TORRENT,,,9.5,45,70,50,65,64,44,48,43,MEDIUM_SLOW,66,0,1,0,0,0,0
159,CROCONAW,WATER,,TORRENT,,,25,45,70,65,80,80,59,63,58,MEDIUM_SLOW,143,0,1,1,0,0,0
160,FERALIGATR,WATER,,TORRENT,,,88.8,45,70,85,105,100,79,83,78,MEDIUM_SLOW,210,0,2,1,0,0,0
161,SENTRET,NORMAL,,RUN AWAY,KEEN EYE,,6,255,70,35,46,34,35,45,20,MEDIUM_FAST,57,0,1,0,0,0,0
162,FURRET,NORMAL,,RUN AWAY,KEEN EYE,,32.5,90,70,85,76,64,45,55,90,MEDIUM_FAST,116,0,0,0,0,0,2
163,HOOTHOOT,NORMAL,FLYING,INSOMNIA,KEEN EYE,,21.2,255,70,60,30,30,36,56,50,MEDIUM_FAST,58,1,0,0,0,0,0
164,NOCTOWL,NORMAL,FLYING,INSOMNIA,KEEN EYE,,40.8,90,70,100,50,50,76,96,70,MEDIUM_FAST,162,2,0,0,0,0,0
165,LEDYBA,BUG,FLYING,SWARM,EARLY BIRD,,10.8,255,70,40,20,30,40,80,55,FAST,54,0,0,0,0,1,0
166,LEDIAN,BUG,FLYING,SWARM,EARLY BIRD,,35.6,90,70,55,35,50,55,110,85,FAST,134,0,0,0,0,2,0
167,SPINARAK,BUG,POISON,SWARM,INSOMNIA,,8.5,255,70,40,60,40,40,40,30,FAST,54,0,1,0,0,0,0
168,ARIADOS,BUG,POISON,SWARM,INSOMNIA,,33.5,90,70,70,90,70,60,60,40,FAST,134,0,2,0,0,0,0
169,CROBAT,POISON,FLYING,INNER FOCUS,,,75,90,70,85,90,80,70,80,130,MEDIUM_FAST,204,0,0,0,0,0,3
170,CHINCHOU,WATER,ELECTRIC,VOLT ABSORB,ILLUMINATE,,12,190,70,75,38,38,56,56,67,SLOW,90,1,0,0,0,0,0
171,LANTURN,WATER,ELECTRIC,VOLT ABSORB,ILLUMINATE,,22.5,75,70,125,58,58,76,76,67,SLOW,156,2,0,0,0,0,0
172,PICHU,ELECTRIC,,STATIC,,,2,190,70,20,40,15,35,35,60,MEDIUM_FAST,42,0,0,0,0,0,1
173,CLEFFA,NORMAL,,CUTE CHARM,,,3,150,140,50,25,28,45,55,15,FAST,37,0,0,0,0,1,0
174,IGGLYBUFF,NORMAL,,CUTE CHARM,,,1,170,70,90,30,15,40,20,15,FAST,39,1,0,0,0,0,0
175,TOGEPI,NORMAL,,HUSTLE,SERENE GRACE,,1.5,190,70,35,20,65,40,65,20,FAST,74,0,0,0,0,1,0
176,TOGETIC,NORMAL,FLYING,HUSTLE,SERENE GRACE,,3.2,75,70,55,40,85,80,105,40,FAST,114,0,0,0,0,2,0
177,NATU,PSYCHIC,FLYING,SYNCHRONIZE,EARLY BIRD,,2,190,70,40,50,45,70,45,70,MEDIUM_FAST,73,0,0,0,1,0,0
178,XATU,PSYCHIC,FLYING,SYNCHRONIZE,EARLY BIRD,,15,75,70,65,75,70,95,70,95,MEDIUM_FAST,171,0,0,0,1,0,1
179,MAREEP,ELECTRIC,,STATIC,,,7.8,235,70,55,40,40,65,45,35,MEDIUM_SLOW,59,0,0,0,1,0,0
180,FLAAFFY,ELECTRIC,,STATIC,,,13.3,120,70,70,55,55,80,60,45,MEDIUM_SLOW,117,0,0,0,2,0,0
181,AMPHAROS,ELECTRIC,,STATIC,,,61.5,45,70,90,75,75,115,90,55,MEDIUM_SLOW,194,0,0,0,3,0,0
182,BELLOSSOM,GRASS,,CHLOROPHYLL,,,5.8,45,70,75,80,85,90,100,50,MEDIUM_SLOW,184,0,0,0,0,3,0
183,MARILL,WATER,,THICK FAT,HUGE POWER,,8.5,190,70,70,20,50,20,50,40,FAST,58,2,0,0,0,0,0
184,AZUMARILL,WATER,,THICK FAT,HUGE POWER,,28.5,75,70,100,50,80,50,80,50,FAST,153,3,0,0,0,0,0
185,SUDOWOODO,ROCK,,STURDY,ROCK HEAD,,38,65,70,70,100,115,30,65,30,MEDIUM_FAST,135,0,0,2,0,0,0
186,POLITOED,WATER,,WATER ABSORB,DAMP,,33.9,45,70,90,75,75,90,100,70,MEDIUM_SLOW,185,0,0,0,0,3,0
187,HOPPIP,GRASS,FLYING,CHLOROPHYLL,,,0.5,255,70,35,35,40,35,55,50,MEDIUM_SLOW,74,0,0,0,0,1,0
188,SKIPLOOM,GRASS,FLYING,CHLOROPHYLL,,,1,120,70,55,45,50,45,65,80,MEDIUM_SLOW,136,0,0,0,0,0,2
189,JUMPLUFF,GRASS,FLYING,CHLOROPHYLL,,,3,45,70,75,55,70,55,85,110,MEDIUM_SLOW,176,0,0,0,0,0,3
190,AIPOM,NORMAL,,RUN AWAY,PICKUP,,11.5,45,70,55,70,55,40,55,85,FAST,94,0,0,0,0,0,1
191,SUNKERN,GRASS,,CHLOROPHYLL,,,1.8,235,70,30,30,30,30,30,30,MEDIUM_SLOW,52,0,0,0,1,0,0
192,SUNFLORA,GRASS,,CHLOROPHYLL,,,8.5,120,70,75,75,55,105,85,30,MEDIUM_SLOW,146,0,0,0,2,0,0
193,YANMA,BUG,FLYING,SPEED BOOST,COMPOUNDEYES,,38,75,70,65,65,45,75,45,95,MEDIUM_FAST,147,0,0,0,0,0,1
194,WOOPER,WATER,GROUND,DAMP,WATER ABSORB,,8.5,255,70,55,45,45,25,25,15,MEDIUM_FAST,52,1,0,0,0,0,0
195,QUAGSIRE,WATER,GROUND,DAMP,WATER ABSORB,,75,90,70,95,85,85,65,65,35,MEDIUM_FAST,137,2,0,0,0,0,0
196,ESPEON,PSYCHIC,,SYNCHRONIZE,,,26.5,45,70,65,65,60,130,95,110,MEDIUM_FAST,197,0,0,0,2,0,0
197,UMBREON,DARK,,SYNCHRONIZE,,,27,45,35,95,65,110,60,130,65,MEDIUM_FAST,197,0,0,0,0,2,0
198,MURKROW,DARK,FLYING,INSOMNIA,,,2.1,30,35,60,85,42,85,42,91,MEDIUM_SLOW,107,0,0,0,0,0,1
199,SLOWKING,WATER,PSYCHIC,OBLIVIOUS,OWN TEMPO,,79.5,70,70,95,75,80,100,110,30,MEDIUM_FAST,164,0,0,0,0,3,0
200,MISDREAVUS,GHOST,,LEVITATE,,,1,45,35,60,60,60,85,85,85,FAST,147,0,0,0,0,1,0
201,UNOWN,PSYCHIC,,LEVITATE,,,5,225,70,48,72,48,72,48,48,MEDIUM_FAST,61,0,1,0,1,0,0
202,WOBBUFFET,PSYCHIC,,SHADOW TAG,,,28.5,45,70,190,33,58,33,58,33,MEDIUM_FAST,177,2,0,0,0,0,0
203,GIRAFARIG,NORMAL,PSYCHIC,INNER FOCUS,EARLY BIRD,,41.5,60,70,70,80,65,90,65,85,MEDIUM_FAST,149,0,0,0,2,0,0
204,PINECO,BUG,,STURDY,,,7.2,190,70,50,65,90,35,35,15,MEDIUM_FAST,60,0,0,1,0,0,0
205,FORRETRESS,BUG,STEEL,STURDY,,,125.8,75,70,75,90,140,60,60,40,MEDIUM_FAST,118,0,0,2,0,0,0
206,DUNSPARCE,NORMAL,,SERENE GRACE,RUN AWAY,,14,190,70,100,70,70,65,65,45,MEDIUM_FAST,75,1,0,0,0,0,0
207,GLIGAR,GROUND,FLYING,HYPER CUTTER,SAND VEIL,,64.8,60,70,65,75,105,35,65,85,MEDIUM_SLOW,108,0,0,1,0,0,0
208,STEELIX,STEEL,GROUND,ROCK HEAD,STURDY,,400,25,70,75,85,200,55,65,30,MEDIUM_FAST,196,0,0,2,0,0,0
209,SNUBBULL,NORMAL,,INTIMIDATE,RUN AWAY,,7.8,190,70,60,80,50,40,40,30,FAST,63,0,1,0,0,0,0
210,GRANBULL,NORMAL,,INTIMIDATE,INTIMIDATE,,48.7,75,70,90,120,75,60,60,45,FAST,178,0,2,0,0,0,0
211,QWILFISH,WATER,POISON,POISON POINT,SWIFT SWIM,,3.9,45,70,65,95,75,55,55,85,MEDIUM_FAST,100,0,1,0,0,0,0
212,SCIZOR,BUG,STEEL,SWARM,,,118,25,70,70,130,100,55,80,65,MEDIUM_FAST,200,0,2,0,0,0,0
213,SHUCKLE,BUG,ROCK,STURDY,,,20.5,190,70,20,10,230,10,230,5,MEDIUM_SLOW,80,0,0,1,0,1,0
214,HERACROSS,BUG,FIGHTING,SWARM,GUTS,,54,45,70,80,125,75,40,95,85,SLOW,200,0,2,0,0,0,0
215,SNEASEL,DARK,ICE,INNER FOCUS,KEEN EYE,,28,60,35,55,95,55,35,75,115,MEDIUM_SLOW,132,0,0,0,0,0,1
216,TEDDIURSA,NORMAL,,PICKUP,,,8.8,120,70,60,80,50,50,50,40,MEDIUM_FAST,124,0,1,0,0,0,0
217,URSARING,NORMAL,,GUTS,,,125.8,60,70,90,130,75,75,75,55,MEDIUM_FAST,189,0,2,0,0,0,0
218,SLUGMA,FIRE,,MAGMA ARMOR,FLAME BODY,,35,190,70,40,40,40,70,40,20,MEDIUM_FAST,78,0,0,0,1,0,0
219,MAGCARGO,FIRE,ROCK,MAGMA ARMOR,FLAME BODY,,55,75,70,50,50,120,80,80,30,MEDIUM_FAST,154,0,0,2,0,0,0
220,SWINUB,ICE,GROUND,OBLIVIOUS,,,6.5,225,70,50,50,40,30,30,50,SLOW,78,0,1,0,0,0,0
221,PILOSWINE,ICE,GROUND,OBLIVIOUS,,,55.8,75,70,100,100,80,60,60,50,SLOW,160,1,1,0,0,0,0
222,CORSOLA,WATER,ROCK,HUSTLE,NATURAL CURE,,5,60,70,55,55,85,65,85,35,FAST,113,0,0,1,0,1,0
223,REMORAID,WATER,,HUSTLE,,,12,190,70,35,65,35,65,35,65,MEDIUM_FAST,78,0,0,0,1,0,0
224,OCTILLERY,WATER,,SUCTION CUPS,,,28.5,75,70,75,105,75,105,75,45,MEDIUM_FAST,164,0,1,0,1,0,0
225,DELIBIRD,ICE,FLYING,VITAL SPIRIT,HUSTLE,,16,45,70,45,55,45,65,45,75,FAST,183,0,0,0,0,0,1
226,MANTINE,WATER,FLYING,SWIFT SWIM,WATER ABSORB,,220,25,70,65,40,70,80,140,70,SLOW,168,0,0,0,0,2,0
227,SKARMORY,STEEL,FLYING,KEEN EYE,STURDY,,50.5,25,70,65,80,140,40,70,70,SLOW,168,0,0,2,0,0,0
228,HOUNDOUR,DARK,FIRE,EARLY BIRD,FLASH FIRE,,10.8,120,35,45,60,30,80,50,65,SLOW,114,0,0,0,1,0,0
229,HOUNDOOM,DARK,FIRE,EARLY BIRD,FLASH FIRE,,35,45,35,75,90,50,110,80,95,SLOW,204,0,0,0,2,0,0
230,KINGDRA,WATER,DRAGON,SWIFT SWIM,,,152,45,70,75,95,95,95,95,85,MEDIUM_FAST,207,0,1,0,1,1,0
231,PHANPY,GROUND,,PICKUP,,,33.5,120,70,90,60,60,40,40,40,MEDIUM_FAST,124,1,0,0,0,0,0
232,DONPHAN,GROUND,,STURDY,,,120,60,70,90,120,120,60,60,50,MEDIUM_FAST,189,0,1,1,0,0,0
233,PORYGON2,NORMAL,,TRACE,,,32.5,45,70,85,80,90,105,95,60,MEDIUM_FAST,180,0,0,0,2,0,0
234,STANTLER,NORMAL,,INTIMIDATE,,,71.2,45,70,73,95,62,85,65,85,SLOW,165,0,1,0,0,0,0
235,SMEARGLE,NORMAL,,OWN TEMPO,,,58,45,70,55,20,35,20,45,75,FAST,106,0,0,0,0,0,1
236,TYROGUE,FIGHTING,,GUTS,,,21,75,70,35,35,35,35,35,35,MEDIUM_FAST,91,0,1,0,0,0,0
237,HITMONTOP,FIGHTING,,INTIMIDATE,,,48,45,70,50,95,95,35,110,70,MEDIUM_FAST,138,0,0,0,0,2,0
238,SMOOCHUM,ICE,PSYCHIC,OBLIVIOUS,,,6,45,70,45,30,15,85,65,65,MEDIUM_FAST,87,0,0,0,1,0,0
239,ELEKID,ELECTRIC,,STATIC,,,23.5,45,70,45,63,37,65,55,95,MEDIUM_FAST,106,0,0,0,0,0,1
240,MAGBY,FIRE,,FLAME BODY,,,21.4,45,70,45,75,37,70,55,83,MEDIUM_FAST,117,0,0,0,0,0,1
241,MILTANK,NORMAL,,THICK FAT,,,75.5,45,70,95,80,105,40,70,100,SLOW,200,0,0,2,0,0,0
242,BLISSEY,NORMAL,,NATURAL CURE,SERENE GRACE,,46.8,30,140,255,10,10,75,135,55,FAST,255,3,0,0,0,0,0
243,RAIKOU,ELECTRIC,,PRESSURE,,,178,3,35,90,85,75,115,100,115,SLOW,216,0,0,0,1,0,2
244,ENTEI,FIRE,,PRESSURE,,,198,3,35,115,115,85,90,75,100,SLOW,217,1,2,0,0,0,0
245,SUICUNE,WATER,,PRESSURE,,,187,3,35,100,75,115,90,115,85,SLOW,215,0,0,1,0,2,0
246,LARVITAR,ROCK,GROUND,GUTS,,,72,45,35,50,64,50,45,50,41,SLOW,67,0,1,0,0,0,0
247,PUPITAR,ROCK,GROUND,SHED SKIN,,,152,45,35,70,84,70,65,70,51,SLOW,144,0,2,0,0,0,0
248,TYRANITAR,ROCK,DARK,SAND STREAM,,,202,45,35,100,134,110,95,100,61,SLOW,218,0,3,0,0,0,0
249,LUGIA,PSYCHIC,FLYING,PRESSURE,,,216,3,0,106,90,130,90,154,110,SLOW,220,0,0,0,0,3,0
250,HO-OH,FIRE,FLYING,PRESSURE,,,199,3,0,106,130,90,110,154,90,SLOW,220,0,0,0,0,3,0
251,CELEBI,PSYCHIC,GRASS,NATURAL CURE,,,5,45,100,100,100,100,100,100,100,MEDIUM_SLOW,64,3,0,0,0,0,0
252,TREECKO,GRASS,,OVERGROW,,,5,45,70,40,45,35,65,55,70,MEDIUM_SLOW,65,0,0,0,0,0,1
253,GROVYLE,GRASS,,OVERGROW,,,21.6,45,70,50,65,45,85,65,95,MEDIUM_SLOW,141,0,0,0,0,0,2
254,SCEPTILE,GRASS,,OVERGROW,,,52.2,45,70,70,85,65,105,85,120,MEDIUM_SLOW,208,0,0,0,0,0,3
255,TORCHIC,FIRE,,BLAZE,,,2.5,45,70,45,60,40,70,50,45,MEDIUM_SLOW,65,0,0,0,1,0,0
256,COMBUSKEN,FIRE,FIGHTING,BLAZE,,,19.5,45,70,60,85,60,85,60,55,MEDIUM_SLOW,142,0,1,0,1,0,0
257,BLAZIKEN,FIRE,FIGHTING,BLAZE,,,52,45,70,80,120,70,110,70,80,MEDIUM_SLOW,209,0,3,0,0,0,0
258,MUDKIP,WATER,,TORRENT,,,7.6,45,70,50,70,50,50,50,40,MEDIUM_SLOW,65,0,1,0,0,0,0
259,MARSHTOMP,WATER,GROUND,TORRENT,,,28,45,70,70,85,70,60,70,50,MEDIUM_SLOW,143,0,2,0,0,0,0
260,SWAMPERT,WATER,GROUND,TORRENT,,,81.9,45,70,100,110,90,85,90,60,MEDIUM_SLOW,210,0,3,0,0,0,0
261,POOCHYENA,DARK,,RUN AWAY,,,13.6,255,70,35,55,35,30,30,35,MEDIUM_FAST,55,0,1,0,0,0,0
262,MIGHTYENA,DARK,,INTIMIDATE,,,37,127,70,70,90,70,60,60,70,MEDIUM_FAST,128,0,2,0,0,0,0
263,ZIGZAGOON,NORMAL,,PICKUP,,,17.5,255,70,38,30,41,30,41,60,MEDIUM_FAST,60,0,0,0,0,0,1
264,LINOONE,NORMAL,,PICKUP,,,32.5,90,70,78,70,61,50,61,100,MEDIUM_FAST,128,0,0,0,0,0,2
265,WURMPLE,BUG,,SHIELD DUST,,,3.6,255,70,45,45,35,20,30,20,MEDIUM_FAST,54,1,0,0,0,0,0
266,SILCOON,BUG,,SHED SKIN,,,10,120,70,50,35,55,25,25,15,MEDIUM_FAST,71,0,0,2,0,0,0
267,BEAUTIFLY,BUG,FLYING,SWARM,,,28.4,45,70,60,70,50,90,50,65,MEDIUM_FAST,161,0,0,0,3,0,0
268,CASCOON,BUG,,SHED SKIN,,,11.5,120,70,50,35,55,25,25,15,MEDIUM_FAST,72,0,0,2,0,0,0
269,DUSTOX,BUG,POISON,SHIELD DUST,,,31.6,45,70,60,50,70,50,90,65,MEDIUM_FAST,160,0,0,0,0,3,0
270,LOTAD,WATER,GRASS,SWIFT SWIM,RAIN DISH,,2.6,255,70,40,30,30,40,50,30,MEDIUM_SLOW,74,0,0,0,0,1,0
271,LOMBRE,WATER,GRASS,SWIFT SWIM,RAIN DISH,,32.5,120,70,60,50,50,60,70,50,MEDIUM_SLOW,141,0,0,0,0,2,0
272,LUDICOLO,WATER,GRASS,SWIFT SWIM,RAIN DISH,,55,45,70,80,70,70,90,100,70,MEDIUM_SLOW,181,0,0,0,0,3,0
273,SEEDOT,GRASS,,CHLOROPHYLL,EARLY BIRD,,4,255,70,40,40,50,30,30,30,MEDIUM_SLOW,74,0,0,1,0,0,0
274,NUZLEAF,GRASS,DARK,CHLOROPHYLL,EARLY BIRD,,28,120,70,70,70,40,60,40,60,MEDIUM_SLOW,141,0,2,0,0,0,0
275,SHIFTRY,GRASS,DARK,CHLOROPHYLL,EARLY BIRD,,59.6,45,70,90,100,60,90,60,80,MEDIUM_SLOW,181,0,3,0,0,0,0
276,TAILLOW,NORMAL,FLYING,GUTS,,,2.3,200,70,40,55,30,30,30,85,MEDIUM_SLOW,59,0,0,0,0,0,1
277,SWELLOW,NORMAL,FLYING,GUTS,,,19.8,45,70,60,85,60,50,50,125,MEDIUM_SLOW,162,0,0,0,0,0,2
278,WINGULL,WATER,FLYING,KEEN EYE,,,9.5,190,70,40,30,30,55,30,85,MEDIUM_FAST,64,0,0,0,0,0,1
279,PELIPPER,WATER,FLYING,KEEN EYE,,,28,45,70,60,50,100,85,70,65,MEDIUM_FAST,164,0,0,2,0,0,0
280,RALTS,PSYCHIC,,SYNCHRONIZE,TRACE,,6.6,235,35,28,25,25,45,35,40,SLOW,70,0,0,0,1,0,0
281,KIRLIA,PSYCHIC,,SYNCHRONIZE,TRACE,,20.2,120,35,38,35,35,65,55,50,SLOW,140,0,0,0,2,0,0
282,GARDEVOIR,PSYCHIC,,SYNCHRONIZE,TRACE,,48.4,45,35,68,65,65,125,115,80,SLOW,208,0,0,0,3,0,0
283,SURSKIT,BUG,WATER,SWIFT SWIM,,,1.7,200,70,40,30,32,50,52,65,MEDIUM_FAST,63,0,0,0,0,0,1
284,MASQUERAIN,BUG,FLYING,INTIMIDATE,,,3.6,75,70,70,60,62,80,82,60,MEDIUM_FAST,128,0,0,0,1,1,0
285,SHROOMISH,GRASS,,EFFECT SPORE,,,4.5,255,70,60,40,60,40,60,35,FLUCTUATING,65,1,0,0,0,0,0
286,BRELOOM,GRASS,FIGHTING,EFFECT SPORE,,,39.2,90,70,60,130,80,60,60,70,FLUCTUATING,165,0,2,0,0,0,0
287,SLAKOTH,NORMAL,,TRUANT,,,24,255,70,60,60,60,35,35,30,SLOW,83,1,0,0,0,0,0
288,VIGOROTH,NORMAL,,VITAL SPIRIT,,,46.5,120,70,80,80,80,55,55,90,SLOW,126,0,0,0,0,0,2
289,SLAKING,NORMAL,,TRUANT,,,130.5,45,70,150,160,100,95,65,100,SLOW,210,3,0,0,0,0,0
290,NINCADA,BUG,GROUND,COMPOUNDEYES,,,5.5,255,70,31,45,90,30,30,40,ERRATIC,65,0,0,1,0,0,0
291,NINJASK,BUG,FLYING,SPEED BOOST,,,12,120,70,61,90,45,50,50,160,ERRATIC,155,0,0,0,0,0,2
292,SHEDINJA,BUG,GHOST,WONDER GUARD,,,1.2,45,70,1,90,45,30,30,40,ERRATIC,95,2,0,0,0,0,0
293,WHISMUR,NORMAL,,SOUNDPROOF,,,16.3,190,70,64,51,23,51,23,28,MEDIUM_SLOW,68,1,0,0,0,0,0
294,LOUDRED,NORMAL,,SOUNDPROOF,,,40.5,120,70,84,71,43,71,43,48,MEDIUM_SLOW,126,2,0,0,0,0,0
295,EXPLOUD,NORMAL,,SOUNDPROOF,,,84,45,70,104,91,63,91,63,68,MEDIUM_SLOW,184,3,0,0,0,0,0
296,MAKUHITA,FIGHTING,,THICK FAT,GUTS,,86.4,180,70,72,60,30,20,30,25,FLUCTUATING,87,1,0,0,0,0,0
297,HARIYAMA,FIGHTING,,THICK FAT,GUTS,,253.8,200,70,144,120,60,40,60,50,FLUCTUATING,184,2,0,0,0,0,0
298,AZURILL,NORMAL,,THICK FAT,HUGE POWER,,2,150,70,50,20,40,20,40,20,FAST,33,1,0,0,0,0,0
299,NOSEPASS,ROCK,,STURDY,MAGNET PULL,,97,255,70,30,45,135,45,90,30,MEDIUM_FAST,108,0,0,1,0,0,0
300,SKITTY,NORMAL,,CUTE CHARM,,,11,255,70,50,45,45,35,35,50,FAST,65,0,0,0,0,0,1
301,DELCATTY,NORMAL,,CUTE CHARM,,,32.6,60,70,70,65,65,55,55,70,FAST,138,1,0,0,0,0,1
302,SABLEYE,DARK,GHOST,KEEN EYE,,,11,45,35,50,75,75,65,65,50,MEDIUM_SLOW,98,0,1,1,0,0,0
303,MAWILE,STEEL,,HYPER CUTTER,INTIMIDATE,,11.5,45,70,50,85,85,55,55,50,FAST,98,0,1,1,0,0,0
304,ARON,STEEL,ROCK,STURDY,ROCK HEAD,,60,180,35,50,70,100,40,40,30,SLOW,96,0,0,1,0,0,0
305,LAIRON,STEEL,ROCK,STURDY,ROCK HEAD,,120,90,35,60,90,140,50,50,40,SLOW,152,0,0,2,0,0,0
306,AGGRON,STEEL,ROCK,STURDY,ROCK HEAD,,360,45,35,70,110,180,60,60,50,SLOW,205,0,0,3,0,0,0
307,MEDITITE,FIGHTING,PSYCHIC,PURE POWER,,,11.2,180,70,30,40,55,40,55,60,MEDIUM_FAST,91,0,0,0,0,0,1
308,MEDICHAM,FIGHTING,PSYCHIC,PURE POWER,,,31.5,90,70,60,60,75,60,75,80,MEDIUM_FAST,153,0,0,0,0,0,2
309,ELECTRIKE,ELECTRIC,,STATIC,LIGHTNINGROD,,15.2,120,70,40,45,40,65,40,65,SLOW,104,0,0,0,0,0,1
310,MANECTRIC,ELECTRIC,,STATIC,LIGHTNINGROD,,40.2,45,70,70,75,60,105,60,105,SLOW,168,0,0,0,0,0,2
311,PLUSLE,ELECTRIC,,PLUS,,,4.2,200,70,60,50,40,85,75,95,MEDIUM_FAST,120,0,0,0,0,0,1
312,MINUN,ELECTRIC,,MINUS,,,4.2,200,70,60,40,50,75,85,95,MEDIUM_FAST,120,0,0,0,0,0,1
313,VOLBEAT,BUG,,ILLUMINATE,SWARM,,17.7,150,70,65,73,55,47,75,85,ERRATIC,146,0,0,0,0,0,1
314,ILLUMISE,BUG,,OBLIVIOUS,,,17.7,150,70,65,47,55,73,75,85,FLUCTUATING,146,0,0,0,0,0,1
315,ROSELIA,GRASS,POISON,NATURAL CURE,POISON POINT,,2,150,70,50,60,45,100,80,65,MEDIUM_SLOW,152,0,0,0,2,0,0
316,GULPIN,POISON,,LIQUID OOZE,STICKY HOLD,,10.3,225,70,70,43,53,43,53,40,FLUCTUATING,75,1,0,0,0,0,0
317,SWALOT,POISON,,LIQUID OOZE,STICKY HOLD,,80,75,70,100,73,83,73,83,55,FLUCTUATING,168,2,0,0,0,0,0
318,CARVANHA,WATER,DARK,ROUGH SKIN,,,20.8,225,35,45,90,20,65,20,65,SLOW,88,0,1,0,0,0,0
319,SHARPEDO,WATER,DARK,ROUGH SKIN,,,88.8,60,35,70,120,40,95,40,95,SLOW,175,0,2,0,0,0,0
320,WAILMER,WATER,,WATER VEIL,OBLIVIOUS,,130,125,70,130,70,35,70,35,60,FLUCTUATING,137,1,0,0,0,0,0
321,WAILORD,WATER,,WATER VEIL,OBLIVIOUS,,398,60,70,170,90,45,90,45,60,FLUCTUATING,206,2,0,0,0,0,0
322,NUMEL,FIRE,GROUND,OBLIVIOUS,,,24,255,70,60,60,40,65,45,35,MEDIUM_FAST,88,0,0,0,1,0,0
323,CAMERUPT,FIRE,GROUND,MAGMA ARMOR,,,220,150,70,70,100,70,105,75,40,MEDIUM_FAST,175,0,1,0,1,0,0
324,TORKOAL,FIRE,,WHITE SMOKE,,,80.4,90,70,70,85,140,85,70,20,MEDIUM_FAST,161,0,0,2,0,0,0
325,SPOINK,PSYCHIC,,THICK FAT,OWN TEMPO,,30.6,255,70,60,25,35,70,80,60,FAST,89,0,0,0,0,1,0
326,GRUMPIG,PSYCHIC,,THICK FAT,OWN TEMPO,,71.5,60,70,80,45,65,90,110,80,FAST,164,0,0,0,0,2,0
327,SPINDA,NORMAL,,OWN TEMPO,,,5,255,70,60,60,60,60,60,60,FAST,85,0,0,0,1,0,0
328,TRAPINCH,GROUND,,HYPER CUTTER,ARENA TRAP,,15,255,70,45,100,45,45,45,10,MEDIUM_SLOW,73,0,1,0,0,0,0
329,VIBRAVA,GROUND,DRAGON,LEVITATE,LEVITATE,,15.3,120,70,50,70,50,50,50,70,MEDIUM_SLOW,126,0,1,0,0,0,1
330,FLYGON,GROUND,DRAGON,LEVITATE,LEVITATE,,82,45,70,80,100,80,80,80,100,MEDIUM_SLOW,197,0,1,0,0,0,2
331,CACNEA,GRASS,,SAND VEIL,,,51.3,190,35,50,85,40,85,40,35,MEDIUM_SLOW,97,0,0,0,1,0,0
332,CACTURNE,GRASS,DARK,SAND VEIL,,,77.4,60,35,70,115,60,115,60,55,MEDIUM_SLOW,177,0,1,0,1,0,0
333,SWABLU,NORMAL,FLYING,NATURAL CURE,,,1.2,255,70,45,40,60,40,75,50,ERRATIC,74,0,0,0,0,1,0
334,ALTARIA,DRAGON,FLYING,NATURAL CURE,,,20.6,45,70,75,70,90,70,105,80,ERRATIC,188,0,0,0,0,2,0
335,ZANGOOSE,NORMAL,,IMMUNITY,,,40.3,90,70,73,115,60,60,60,90,ERRATIC,165,0,2,0,0,0,0
336,SEVIPER,POISON,,SHED SKIN,,,52.5,90,70,73,100,60,100,60,65,FLUCTUATING,165,0,1,0,1,0,0
337,LUNATONE,ROCK,PSYCHIC,LEVITATE,,,168,45,70,70,55,65,95,85,70,FAST,150,0,0,0,2,0,0
338,SOLROCK,ROCK,PSYCHIC,LEVITATE,,,154,45,70,70,95,85,55,65,70,FAST,150,0,2,0,0,0,0
339,BARBOACH,WATER,GROUND,OBLIVIOUS,,,1.9,190,70,50,48,43,46,41,60,MEDIUM_FAST,92,1,0,0,0,0,0
340,WHISCASH,WATER,GROUND,OBLIVIOUS,,,23.6,75,70,110,78,73,76,71,60,MEDIUM_FAST,158,2,0,0,0,0,0
341,CORPHISH,WATER,,HYPER CUTTER,SHELL ARMOR,,11.5,205,70,43,80,65,50,35,35,FLUCTUATING,111,0,1,0,0,0,0
342,CRAWDAUNT,WATER,DARK,HYPER CUTTER,SHELL ARMOR,,32.8,155,70,63,120,85,90,55,55,FLUCTUATING,161,0,2,0,0,0,0
343,BALTOY,GROUND,PSYCHIC,LEVITATE,,,21.5,255,70,40,40,55,40,70,55,MEDIUM_FAST,58,0,0,0,0,1,0
344,CLAYDOL,GROUND,PSYCHIC,LEVITATE,,,108,90,70,60,70,105,70,120,75,MEDIUM_FAST,189,0,0,0,0,2,0
345,LILEEP,ROCK,GRASS,SUCTION CUPS,,,23.8,45,70,66,41,77,61,87,23,ERRATIC,121,0,0,0,0,1,0
346,CRADILY,ROCK,GRASS,SUCTION CUPS,,,60.4,45,70,86,81,97,81,107,43,ERRATIC,201,0,0,0,0,2,0
347,ANORITH,ROCK,BUG,BATTLE ARMOR,,,12.5,45,70,45,95,50,40,50,75,ERRATIC,119,0,1,0,0,0,0
348,ARMALDO,ROCK,BUG,BATTLE ARMOR,,,68.2,45,70,75,125,100,70,80,45,ERRATIC,200,0,2,0,0,0,0
349,FEEBAS,WATER,,SWIFT SWIM,,,7.4,255,70,20,15,20,10,55,80,ERRATIC,61,0,0,0,0,0,1
350,MILOTIC,WATER,,MARVEL SCALE,,,162,60,70,95,60,79,100,125,81,ERRATIC,213,0,0,0,0,2,0
351,CASTFORM,NORMAL,,FORECAST,,,0.8,45,70,70,70,70,70,70,70,MEDIUM_FAST,145,1,0,0,0,0,0
352,KECLEON,NORMAL,,COLOR CHANGE,,,22,200,70,60,90,70,60,120,40,MEDIUM_SLOW,132,0,0,0,0,1,0
353,SHUPPET,GHOST,,INSOMNIA,,,2.3,225,35,44,75,35,63,33,45,FAST,97,0,1,0,0,0,0
354,BANETTE,GHOST,,INSOMNIA,,,12.5,45,35,64,115,65,83,63,65,FAST,179,0,2,0,0,0,0
355,DUSKULL,GHOST,,LEVITATE,,,15,190,35,20,40,90,30,90,25,FAST,97,0,0,0,0,1,0
356,DUSCLOPS,GHOST,,PRESSURE,,,30.6,90,35,40,70,130,60,130,25,FAST,179,0,0,1,0,1,0
357,TROPIUS,GRASS,FLYING,CHLOROPHYLL,,,100,200,70,99,68,83,72,87,51,SLOW,169,2,0,0,0,0,0
358,CHIMECHO,PSYCHIC,,LEVITATE,,,1,45,70,65,50,70,95,80,65,FAST,147,0,0,0,1,1,0
359,ABSOL,DARK,,PRESSURE,,,47,30,35,65,130,60,75,60,75,MEDIUM_SLOW,174,0,2,0,0,0,0
360,WYNAUT,PSYCHIC,,SHADOW TAG,,,14,125,70,95,23,48,23,48,23,MEDIUM_FAST,44,1,0,0,0,0,0
361,SNORUNT,ICE,,INNER FOCUS,,,16.8,190,70,50,50,50,50,50,50,MEDIUM_FAST,74,1,0,0,0,0,0
362,GLALIE,ICE,,INNER FOCUS,,,256.5,75,70,80,80,80,80,80,80,MEDIUM_FAST,187,2,0,0,0,0,0
363,SPHEAL,ICE,WATER,THICK FAT,,,39.5,255,70,70,40,50,55,50,25,MEDIUM_SLOW,75,1,0,0,0,0,0
364,SEALEO,ICE,WATER,THICK FAT,,,87.6,120,70,90,60,70,75,70,45,MEDIUM_SLOW,128,2,0,0,0,0,0
365,WALREIN,ICE,WATER,THICK FAT,,,150.6,45,70,110,80,90,95,90,65,MEDIUM_SLOW,192,3,0,0,0,0,0
366,CLAMPERL,WATER,,SHELL ARMOR,,,52.5,255,70,35,64,85,74,55,32,ERRATIC,142,0,0,1,0,0,0
367,HUNTAIL,WATER,,SWIFT SWIM,,,27,60,70,55,104,105,94,75,52,ERRATIC,178,0,1,1,0,0,0
368,GOREBYSS,WATER,,SWIFT SWIM,,,22.6,60,70,55,84,105,114,75,52,ERRATIC,178,0,0,0,2,0,0
369,RELICANTH,WATER,ROCK,SWIFT SWIM,ROCK HEAD,,23.4,25,70,100,90,130,45,65,55,SLOW,198,1,0,1,0,0,0
370,LUVDISC,WATER,,SWIFT SWIM,,,8.7,225,70,43,30,55,40,65,97,FAST,110,0,0,0,0,0,1
371,BAGON,DRAGON,,ROCK HEAD,,,42.1,45,35,45,75,60,40,30,50,SLOW,89,0,1,0,0,0,0
372,SHELGON,DRAGON,,ROCK HEAD,,,110.5,45,35,65,95,100,60,50,50,SLOW,144,0,0,2,0,0,0
373,SALAMENCE,DRAGON,FLYING,INTIMIDATE,,,102.6,45,35,95,135,80,110,80,100,SLOW,218,0,3,0,0,0,0
374,BELDUM,STEEL,PSYCHIC,CLEAR BODY,,,95.2,3,35,40,55,80,35,60,30,SLOW,103,0,0,1,0,0,0
375,METANG,STEEL,PSYCHIC,CLEAR BODY,,,202.5,3,35,60,75,100,55,80,50,SLOW,153,0,0,2,0,0,0
376,METAGROSS,STEEL,PSYCHIC,CLEAR BODY,,,550,3,35,80,135,130,95,90,70,SLOW,210,0,0,3,0,0,0
377,REGIROCK,ROCK,,CLEAR BODY,,,230,3,35,80,100,200,50,100,50,SLOW,217,0,0,3,0,0,0
378,REGICE,ICE,,CLEAR BODY,,,175,3,35,80,50,100,100,200,50,SLOW,216,0,0,0,0,3,0
379,REGISTEEL,STEEL,,CLEAR BODY,,,205,3,35,80,75,150,75,150,50,SLOW,215,0,0,2,0,1,0
380,LATIAS,DRAGON,PSYCHIC,LEVITATE,,,40,3,90,80,80,90,110,130,110,SLOW,211,0,0,0,0,3,0
381,LATIOS,DRAGON,PSYCHIC,LEVITATE,,,60,3,90,80,90,80,130,110,110,SLOW,211,0,0,0,3,0,0
382,KYOGRE,WATER,,DRIZZLE,,,352,5,0,100,100,90,150,140,90,SLOW,218,0,0,0,3,0,0
383,GROUDON,GROUND,,DROUGHT,,,950,5,0,100,150,140,100,90,90,SLOW,218,0,3,0,0,0,0
384,RAYQUAZA,DRAGON,FLYING,AIR LOCK,,,206.5,3,0,105,150,90,150,90,95,SLOW,220,0,2,0,1,0,0
385,JIRACHI,STEEL,PSYCHIC,SERENE GRACE,,,1.1,3,100,100,100,100,100,100,100,SLOW,215,3,0,0,0,0,0
386,DEOXYS,PSYCHIC,,PRESSURE,,,60.8,3,0,50,150,50,150,50,150,SLOW,215,0,1,0,1,0,1
