Battle,Battle Type,Location Weather,Location Type,Foe Specie,Gender,Level, Nature,Ability,Item,Move 1,Move 2,Move 3,Move 4,HP IV,Atk IV,Def IV,Sp.Atk IV,Sp.Def IV,Spd IV,Atk EV,Def EV,Sp.Atk EV,Sp.Def EV,Spd EV,Spd IV,User Specie,Gender,Level,Nature,Ability,Item,Move1,Move2,Move3,Move4,HP IV,Atk IV,Def IV,Sp.Atk IV,Sp.Def IV,Spd IV,HP EV,Atk EV,Def EV,Sp.Atk EV,Sp.Def EV,Spd EV
1,Single,Normal,Building,Turtwig,Genderless,5,Docile,Overgrow,None,Tackle,Withdraw,None,None,0,0,0,0,0,0,0,0,0,0,0,0,Piplup,Genderless,5,Mild,Torrent,None,Pound,Growl,None,None,25,31,31,31,30,31,0,0,0,0,0,0
2,Single,Normal,Building,Starly,Genderless,5,Careful,Keen Eye,None,Tackle,Growl,Quick Attack,None,0,0,0,0,0,0,0,0,0,0,0,0,Piplup,Genderless,6,Mild,Torrent,None,Pound,Growl,None,None,25,31,31,31,30,31,0,1,0,0,0,0
3,Single,Normal,Building,Bidoof,Genderless,5,Quiet,Simple,None,Tackle,Growl,None,None,0,0,0,0,0,0,0,0,0,0,0,0,Piplup,Genderless,7,Mild,Torrent,None,Pound,Growl,None,None,25,31,31,31,30,31,0,1,0,0,0,1
4,Single,Normal,Building,Burmy,Genderless,5,Impish,Shed Skin,None,Tackle,None,None,None,0,0,0,0,0,0,0,0,0,0,0,0,Piplup,Genderless,8,Mild,Torrent,None,Pound,Growl,Bubble,None,25,31,31,31,30,31,1,1,0,0,0,1
5,Single,Normal,Building,Starly,Genderless,7,Timid,Keen Eye,None,Quick Attack,Growl,None,None,3,3,3,3,3,3,0,0,0,0,0,0,Piplup,Genderless,8,Mild,Torrent,None,Pound,Growl,Bubble,None,25,31,31,31,30,31,1,1,0,0,1,1
5,Single,Normal,Building,Turtwig,Genderless,9,Brave,Overgrow,None,Tackle,Withdraw,None,None,3,3,3,3,3,3,0,0,0,0,0,0,Piplup,Genderless,9,Mild,Torrent,None,Pound,Growl,Bubble,None,25,31,31,31,30,31,1,1,0,0,1,2
6,Single,Normal,Building,Geodude,Genderless,9,Brave,Rock Head,None,Tackle,Defense Curl,Mud Sport,Rock Polish,0,0,0,0,0,0,0,0,0,0,0,0,Piplup,Genderless,10,Mild,Torrent,None,Pound,Growl,Bubble,None,25,31,31,31,30,31,1,2,0,0,1,2
7,Single,Normal,Building,Geodude,Genderless,11,Timid,Rock Head,None,Tackle,Defense Curl,None,None,1,1,1,1,1,1,0,0,0,0,0,0,Piplup,Genderless,10,Mild,Torrent,None,Pound,Growl,Bubble,None,25,31,31,31,30,31,1,2,1,0,1,2
8,Single,Normal,Building,Geodude,Genderless,9,Calm,Rock Head,None,Tackle,Defense Curl,None,None,1,1,1,1,1,1,0,0,0,0,0,0,Piplup,Genderless,11,Mild,Torrent,None,Pound,Growl,Bubble,Water Sport,25,31,31,31,30,31,1,2,2,0,1,2
8,Single,Normal,Building,Onix,Genderless,9,Bashful,Rock Head,None,Rock Throw,Tackle,Harden,None,1,1,1,1,1,1,0,0,0,0,0,0,Piplup,Genderless,12,Mild,Torrent,None,Pound,Growl,Bubble,Water Sport,25,31,31,31,30,31,1,2,3,0,1,2
9,Single,Normal,Building,Geodude,Genderless,12,Lax,Rock Head,None,Stealth Rock,Rock Throw,None,None,6,6,6,6,6,6,0,0,0,0,0,0,Piplup,Genderless,12,Mild,Torrent,None,Pound,Growl,Bubble,Water Sport,25,31,31,31,30,31,1,2,4,0,1,2
9,Single,Normal,Building,Onix,Genderless,12,Bold,Rock Head,None,Stealth Rock,Rock Throw,Screech,None,6,6,6,6,6,6,0,0,0,0,0,0,Piplup,Genderless,13,Mild,Torrent,None,Pound,Growl,Bubble,Water Sport,25,31,31,31,30,31,1,2,5,0,1,2
9,Single,Normal,Building,Cranidos,Genderless,14,Jolly,Mold Breaker,None,Headbutt,Pursuit,Leer,None,6,6,6,6,6,6,0,0,0,0,0,0,Piplup,Genderless,14,Mild,Torrent,None,Pound,Growl,Bubble,Water Sport,25,31,31,31,30,31,1,2,6,0,1,2
10,Double,Normal,Building,Glameow,Genderless,11,Rash,Limber,None,Fake Out,Scratch,Growl,None,0,0,0,0,0,0,0,0,0,0,0,0,Piplup,Genderless,14,Mild,Torrent,None,Pound,Growl,Bubble,Water Sport,25,31,31,31,30,31,1,3,6,0,1,2
10,Double,Normal,Building,Stunky,Genderless,11,Timid,Stench,None,Focus Energy,Poison Gas,Screech,Fury Swipes,0,0,0,0,0,0,0,0,0,0,0,0,Piplup,Genderless,15,Mild,Torrent,None,Pound,Growl,Bubble,Water Sport,25,31,31,31,30,31,1,3,6,0,1,3
11,Single,Normal,Building,Stunky,Genderless,13,Hasty,Stench,None,Focus Energy,Poison Gas,Screech,Fury Swipes,0,0,0,0,0,0,0,0,0,0,0,0,Piplup,Genderless,15,Mild,Torrent,None,Pound,Pluck,Bubble,Water Sport,25,31,31,31,30,31,1,3,6,0,1,4
12,Single,Normal,Building,Zubat,Genderless,11,Gentle,Inner Focus,None,Leech Life,Supersonic,Astonish,None,0,0,0,0,0,0,0,0,0,0,0,0,Prinplup,Genderless,16,Mild,Torrent,None,Pound,Pluck,Bubble,Water Sport,25,31,31,31,30,31,1,3,6,0,1,5
12,Single,Normal,Building,Zubat,Genderless,11,Gentle,Inner Focus,None,Leech Life,Supersonic,Astonish,None,0,0,0,0,0,0,0,0,0,0,0,0,Prinplup,Genderless,16,Mild,Torrent,None,Pound,Pluck,Bubble,Water Sport,25,31,31,31,30,31,1,3,6,0,1,6
13,Single,Normal,Building,Glameow,Genderless,13,Lax,Limber,None,Fake Out,Scratch,Growl,Hypnosis,3,3,3,3,3,3,0,0,0,0,0,0,Prinplup,Genderless,16,Mild,Torrent,None,Pound,Pluck,Bubble,Water Sport,25,31,31,31,30,31,1,3,6,0,1,7
14,Single,Normal,Building,Zubat,Genderless,15,Bold,Inner Focus,None,Bite,Leech Life,Toxic,None,12,12,12,12,12,12,0,0,0,0,0,0,Prinplup,Genderless,16,Mild,Torrent,None,Pound,Pluck,Bubble,Water Sport,25,31,31,31,30,31,1,3,6,0,1,8
14,Single,Normal,Building,Purugly,Genderless,17,Bashful,Thick Fat,Oran Berry,Faint Attack,Scratch,Fake Out,None,12,12,12,12,12,12,0,0,0,0,0,0,Prinplup,Genderless,17,Mild,Torrent,None,Pound,Pluck,Bubble,Water Sport,25,31,31,31,30,31,1,3,6,0,1,9
15,Single,Normal,Building,Geodude,Genderless,10,Bashful,Rock Head,None,Tackle,Defense Curl,Mud Sport,Rock Polish,0,0,0,0,0,0,0,0,0,0,0,0,Prinplup,Genderless,18,Mild,Torrent,None,Pound,Pluck,Bubble,Water Sport,25,31,31,31,30,31,1,3,6,0,1,11
15,Single,Normal,Building,Geodude,Genderless,11,Impish,Rock Head,None,Defense Curl,Mud Sport,Rock Polish,Rock Throw,0,0,0,0,0,0,0,0,0,0,0,0,Prinplup,Genderless,18,Mild,Torrent,None,Pound,Pluck,Bubble,Water Sport,25,31,31,31,30,31,1,3,7,0,1,11
15,Single,Normal,Building,Geodude,Genderless,12,Careful,Rock Head,None,Defense Curl,Mud Sport,Rock Polish,Rock Throw,0,0,0,0,0,0,0,0,0,0,0,0,Prinplup,Genderless,18,Mild,Torrent,None,Pound,Pluck,Bubble,Water Sport,25,31,31,31,30,31,1,3,8,0,1,11
16,Single,Normal,Building,Onix,Genderless,14,Careful,Rock Head,None,Bind,Screech,Rock Throw,Rage,0,0,0,0,0,0,0,0,0,0,0,0,Prinplup,Genderless,18,Mild,Torrent,None,Pound,Pluck,Bubble,Water Sport,25,31,31,31,30,31,1,3,9,0,1,11
17,Double,Normal,Building,Pachirisu,Genderless,16,Modest,Run Away,None,Bide,Quick Attack,Charm,Spark,0,0,0,0,0,0,0,0,0,0,0,0,Prinplup,Genderless,19,Mild,Torrent,None,BubbleBeam,Pluck,Bubble,Water Sport,25,31,31,31,30,31,1,3,10,0,1,11
17,Double,Normal,Building,Wurmple,Genderless,11,Quiet,Shield Dust,None,Tackle,String Shot,Poison Sting,None,0,0,0,0,0,0,0,0,0,0,0,0,Prinplup,Genderless,19,Mild,Torrent,None,BubbleBeam,Pluck,Bubble,Water Sport,25,31,31,31,30,31,1,3,10,0,1,12
17,Double,Normal,Building,Silcoon,Genderless,13,Careful,Shed Skin,None,Tackle,String Shot,Poison Sting,Harden,0,0,0,0,0,0,0,0,0,0,0,0,Prinplup,Genderless,19,Mild,Torrent,None,BubbleBeam,Pluck,Bubble,Water Sport,25,31,31,31,30,31,2,3,10,0,1,12
17,Double,Normal,Building,Beautifly,Genderless,15,Timid,Swarm,None,Tackle,Poison Sting,Absorb,Gust,2,2,2,2,2,2,0,0,0,0,0,0,Prinplup,Genderless,19,Mild,Torrent,None,BubbleBeam,Pluck,Bubble,Water Sport,25,31,31,31,30,31,2,3,12,0,1,12
19,Single,Normal,Building,Abra,Genderless,17,Gentle,Synchronize,None,Hidden Power,None,None,None,2,2,2,2,2,2,0,0,0,0,0,0,Prinplup,Genderless,20,Mild,Torrent,None,BubbleBeam,Pluck,Bubble,Water Sport,25,31,31,31,30,31,2,3,12,3,1,12
18,Single,Normal,Building,Abra,Genderless,17,Docile,Synchronize,None,Hidden Power,None,None,None,2,2,2,2,2,2,0,0,0,0,0,0,Prinplup,Genderless,20,Mild,Torrent,None,BubbleBeam,Pluck,Bubble,Water Sport,25,31,31,31,30,31,2,3,12,4,1,12
20,Single,Normal,Building,Cherubi,Genderless,17,Lonely,Chlorophyll,None,Tackle,Leech Seed,None,None,2,2,2,2,2,2,0,0,0,0,0,0,Prinplup,Genderless,21,Mild,Torrent,None,BubbleBeam,Pluck,Bubble,Water Sport,25,31,31,31,30,31,2,3,12,5,1,12
20,Single,Normal,Building,Roselia,Genderless,17,Sassy,Natural Cure,None,Mega Drain,Poison Sting,Stun Spore,None,2,2,2,2,2,2,0,0,0,0,0,0,Prinplup,Genderless,21,Mild,Torrent,None,BubbleBeam,Pluck,Bubble,Water Sport,25,31,31,31,30,31,2,3,12,6,1,12
21,Single,Normal,Building,Budew,Genderless,15,Naive,Natural Cure,None,Absorb,Stun Spore,Water Sport,None,2,2,2,2,2,2,0,0,0,0,0,0,Prinplup,Genderless,21,Mild,Torrent,None,BubbleBeam,Pluck,Bubble,Water Sport,25,31,31,31,30,31,2,3,12,8,1,12
21,Single,Normal,Building,Budew,Genderless,16,Serious,Natural Cure,None,Absorb,Stun Spore,Water Sport,None,2,2,2,2,2,2,0,0,0,0,0,0,Prinplup,Genderless,21,Mild,Torrent,None,BubbleBeam,Pluck,Bubble,Water Sport,25,31,31,31,30,31,2,3,12,9,1,12
21,Single,Normal,Building,Budew,Genderless,17,Hardy,Natural Cure,None,Absorb,Stun Spore,Water Sport,None,2,2,2,2,2,2,0,0,0,0,0,0,Prinplup,Genderless,22,Mild,Torrent,None,BubbleBeam,Pluck,Bubble,Water Sport,25,31,31,31,30,31,2,3,12,10,1,12
22,Single,Normal,Building,Roselia,Genderless,19,Mild,Natural Cure,None,Mega Drain,Poison Sting,Stun Spore,None,2,2,2,2,2,2,0,0,0,0,0,0,Prinplup,Genderless,22,Mild,Torrent,None,BubbleBeam,Pluck,Bubble,Water Sport,25,31,31,31,30,31,2,3,12,11,1,12
23,Single,Normal,Building,Turtwig,Genderless,20,Quirky,Overgrow,None,Grass Knot,Razor Leaf,Sunny Day,Reflect,6,6,6,6,6,6,0,0,0,0,0,0,Prinplup,Genderless,22,Mild,Torrent,None,BubbleBeam,Pluck,Bubble,Water Sport,25,31,31,31,30,31,2,3,12,13,1,12
23,Single,Normal,Building,Cherrim,Genderless,20,Lax,Flower Gift,None,Grass Knot,Leech Seed,Magical Leaf,Safeguard,6,6,6,6,6,6,0,0,0,0,0,0,Prinplup,Genderless,23,Mild,Torrent,None,BubbleBeam,Pluck,Bubble,Water Sport,25,31,31,31,30,31,2,4,12,13,1,12
23,Single,Normal,Building,Roserade,Genderless,22,Naive,Natural Cure,Sitrus Berry,Grass Knot,Magical Leaf,Poison Sting,Stun Spore,6,6,6,6,6,6,0,0,0,0,0,0,Prinplup,Genderless,23,Mild,Torrent,None,BubbleBeam,Pluck,Bubble,Water Sport,25,31,31,31,30,31,2,4,12,15,1,12
24,Single,Normal,Building,Zubat,Genderless,21,Brave,Inner Focus,None,Giga Drain,Wing Attack,Bite,None,12,12,12,12,12,12,0,0,0,0,0,0,Prinplup,Genderless,24,Mild,Torrent,None,BubbleBeam,Pluck,Grass Knot,Water Sport,25,31,31,31,30,31,2,4,12,18,1,12
24,Single,Normal,Building,Skuntank,Genderless,23,Modest,Stench,Sitrus Berry,Night Slash,Poison Gas,Screech,SmokeScreen,12,12,12,12,12,12,0,0,0,0,0,0,Prinplup,Genderless,24,Mild,Torrent,None,BubbleBeam,Pluck,Grass Knot,Water Sport,25,31,31,31,30,31,2,4,12,18,1,13
25,Single,Normal,Building,Nosepass,Genderless,22,Sassy,Sturdy,None,Tackle,Harden,Rock Throw,Block,0,0,0,0,0,0,0,0,0,0,0,0,Prinplup,Genderless,24,Mild,Torrent,None,BubbleBeam,Pluck,Grass Knot,Water Sport,25,31,31,31,30,31,4,4,12,18,1,13
26,Single,Normal,Building,Duskull,Genderless,24,Mild,Levitate,None,Will-O-Wisp,Pursuit,Shadow Sneak,Future Sight,12,12,12,12,12,12,0,0,0,0,0,0,Prinplup,Genderless,25,Mild,Torrent,None,BubbleBeam,Pluck,Grass Knot,Water Sport,25,31,31,31,30,31,4,4,13,18,1,13
26,Single,Normal,Building,Mismagius,Genderless,26,Impish,Levitate,Sitrus Berry,Shadow Ball,Psybeam,Magical Leaf,Confuse Ray,12,12,12,12,12,12,0,0,0,0,0,0,Prinplup,Genderless,25,Mild,Torrent,None,BubbleBeam,Pluck,Grass Knot,Water Sport,25,31,31,31,30,31,4,4,13,18,2,13
26,Single,Normal,Building,Haunter,Genderless,24,Bashful,Levitate,None,Shadow Claw,Sucker Punch,Hypnosis,Confuse Ray,12,12,12,12,12,12,0,0,0,0,0,0,Prinplup,Genderless,26,Mild,Torrent,None,BubbleBeam,Pluck,Grass Knot,Water Sport,25,31,31,31,30,31,4,4,13,19,3,13
27,Single,Normal,Building,Staravia,Genderless,25,Hardy,Intimidate,None,Wing Attack,Quick Attack,Endeavor,Double Team,6,6,6,6,6,6,0,0,0,0,0,0,Prinplup,Genderless,26,Mild,Torrent,None,BubbleBeam,Pluck,Grass Knot,Water Sport,25,31,31,31,30,31,4,4,13,21,3,13
27,Single,Normal,Building,Grotle,Genderless,27,Naive,Overgrow,None,Razor Leaf,Tackle,Absorb,Withdraw,6,6,6,6,6,6,0,0,0,0,0,0,Prinplup,Genderless,26,Mild,Torrent,None,BubbleBeam,Pluck,Grass Knot,Water Sport,25,31,31,31,30,31,4,4,13,21,3,15
27,Single,Normal,Building,Buizel,Genderless,23,Impish,Swift Swim,None,Water Gun,Quick Attack,Pursuit,Growl,6,6,6,6,6,6,0,0,0,0,0,0,Prinplup,Genderless,27,Mild,Torrent,None,BubbleBeam,Pluck,Grass Knot,Water Sport,25,31,31,31,30,31,4,5,14,21,3,15
27,Single,Normal,Building,Ponyta,Genderless,23,Naughty,Run Away,None,Ember,Tackle,Tail Whip,Growl,6,6,6,6,6,6,0,0,0,0,0,0,Prinplup,Genderless,27,Mild,Torrent,None,BubbleBeam,Pluck,Grass Knot,Water Sport,25,31,31,31,30,31,4,5,14,21,3,16
28,Single,Rain Dance,Building,Bronzor,Genderless,23,Sassy,Levitate,None,Hypnosis,Imprison,Confuse Ray,Extrasensory,0,0,0,0,0,0,0,0,0,0,0,0,Prinplup,Genderless,27,Mild,Torrent,None,BubbleBeam,Pluck,Grass Knot,Water Sport,25,31,31,31,30,31,4,5,14,21,3,17
28,Single,Rain Dance,Building,Shieldon,Genderless,23,Careful,Sturdy,None,Taunt,Metal Sound,Take Down,Iron Defense,0,0,0,0,0,0,0,0,0,0,0,0,Prinplup,Genderless,28,Mild,Torrent,None,BubbleBeam,Pluck,Grass Knot,Water Sport,25,31,31,31,30,31,4,5,15,21,3,17
29,Single,Rain Dance,Building,Roselia,Genderless,24,Adamant,Natural Cure,None,Toxic Spikes,Giga Drain,Leech Seed,None,6,6,6,6,6,6,0,0,0,0,0,0,Prinplup,Genderless,28,Mild,Torrent,None,BubbleBeam,Pluck,Grass Knot,Water Sport,25,31,31,31,30,31,4,5,16,21,3,17
29,Single,Rain Dance,Building,Ralts,Genderless,24,Serious,Synchronize,None,Psychic,Magical Leaf,Calm Mind,Double Team,6,6,6,6,6,6,0,0,0,0,0,0,Prinplup,Genderless,28,Mild,Torrent,None,BubbleBeam,Pluck,Grass Knot,Water Sport,25,31,31,31,30,31,4,5,16,23,3,17
29,Single,Rain Dance,Building,Lickitung,Genderless,25,Modest,Own Tempo,None,Supersonic,Stomp,Rollout,Defense Curl,6,6,6,6,6,6,0,0,0,0,0,0,Prinplup,Genderless,28,Mild,Torrent,None,BubbleBeam,Pluck,Grass Knot,Water Sport,25,31,31,31,30,31,4,5,16,24,3,17
30,Single,Rain Dance,Building,Gligar,Genderless,24,Bold,Hyper Cutter,None,Screech,Faint Attack,Quick Attack,Poison Sting,6,6,6,6,6,6,0,0,0,0,0,0,Prinplup,Genderless,29,Mild,Torrent,None,BubbleBeam,Pluck,Grass Knot,Water Sport,25,31,31,31,30,31,6,5,16,24,3,17
30,Single,Rain Dance,Building,Buizel,Genderless,24,Naive,Swift Swim,None,Aqua Jet,Swift,Pursuit,Quick Attack,6,6,6,6,6,6,0,0,0,0,0,0,Prinplup,Genderless,29,Mild,Torrent,None,BubbleBeam,Pluck,Grass Knot,Water Sport,25,31,31,31,30,31,6,5,17,24,3,17
30,Single,Rain Dance,Building,Drifblim,Genderless,25,Bold,Aftermath,None,Swallow,Gust,Stockpile,Ominous Wind,6,6,6,6,6,6,0,0,0,0,0,0,Prinplup,Genderless,29,Mild,Torrent,None,BubbleBeam,Pluck,Grass Knot,Water Sport,25,31,31,31,30,31,6,5,17,24,3,18
31,Single,Normal,Building,Croagunk,Genderless,26,Serious,Anticipation,None,Swagger,Revenge,Faint Attack,None,4,4,4,4,4,4,0,0,0,0,0,0,Prinplup,Genderless,29,Mild,Torrent,None,BubbleBeam,Pluck,Grass Knot,Water Sport,25,31,31,31,30,31,8,5,17,24,3,18
31,Single,Normal,Building,Machoke,Genderless,26,Bold,Guts,None,Karate Chop,Foresight,None,None,4,4,4,4,4,4,0,0,0,0,0,0,Prinplup,Genderless,30,Mild,Torrent,None,BubbleBeam,Pluck,Grass Knot,Water Sport,25,31,31,31,30,31,8,6,17,24,3,18
32,Single,Normal,Building,Meditite,Genderless,28,Brave,Pure Power,None,Drain Punch,Confusion,Rock Tomb,Fake Out,24,24,24,24,24,24,0,0,0,0,0,0,Prinplup,Genderless,30,Mild,Torrent,None,BubbleBeam,Pluck,Grass Knot,Water Sport,25,31,31,31,30,31,8,8,17,24,3,18
32,Single,Normal,Building,Lucario,Genderless,32,Hasty,Steadfast,None,Drain Punch,Force Palm,Metal Claw,Bone Rush,24,24,24,24,24,24,0,0,0,0,0,0,Prinplup,Genderless,30,Mild,Torrent,None,BubbleBeam,Pluck,Grass Knot,Water Sport,25,31,31,31,30,31,8,8,17,24,3,19
32,Single,Normal,Building,Machoke,Genderless,29,Naughty,Guts,None,Karate Chop,Rock Tomb,Strength,Focus Energy,24,24,24,24,24,24,0,0,0,0,0,0,Prinplup,Genderless,31,Mild,Torrent,None,BubbleBeam,Pluck,Grass Knot,Water Sport,25,31,31,31,30,31,8,9,17,25,3,19
33,Double,Normal,Building,Zubat,Genderless,24,Calm,Inner Focus,None,Astonish,Bite,Wing Attack,Confuse Ray,3,3,3,3,3,3,0,0,0,0,0,0,Prinplup,Genderless,31,Mild,Torrent,None,BubbleBeam,Pluck,Grass Knot,Water Sport,25,31,31,31,30,31,8,11,17,25,3,19
33,Double,Normal,Building,Croagunk,Genderless,26,Hasty,Anticipation,None,Pursuit,Faint Attack,Revenge,Swagger,3,3,3,3,3,3,0,0,0,0,0,0,Prinplup,Genderless,31,Mild,Torrent,None,BubbleBeam,Pluck,Grass Knot,Water Sport,25,31,31,31,30,31,8,11,17,25,3,20
33,Double,Normal,Building,Zubat,Genderless,24,Quiet,Inner Focus,None,Astonish,Bite,Wing Attack,Confuse Ray,3,3,3,3,3,3,0,0,0,0,0,0,Prinplup,Genderless,31,Mild,Torrent,None,BubbleBeam,Pluck,Grass Knot,Water Sport,25,31,31,31,30,31,8,12,17,25,3,20
33,Double,Normal,Building,Stunky,Genderless,26,Timid,Strench,None,Fury Swipes,SmokeScreen,Feint,Slash,3,3,3,3,3,3,0,0,0,0,0,0,Prinplup,Genderless,31,Mild,Torrent,None,BubbleBeam,Pluck,Grass Knot,Water Sport,25,31,31,31,30,31,8,12,17,25,3,21
34,Single,Normal,Building,Chingling,Genderless,23,Lax,Levitate,None,Astonish,Confusion,Uproar,Last Resort,0,0,0,0,0,0,0,0,0,0,0,0,Prinplup,Genderless,35,Mild,Torrent,None,BubbleBeam,Pluck,Grass Knot,Blizzard,25,31,31,31,30,31,8,12,17,25,3,22
34,Single,Normal,Building,Kirlia,Genderless,27,Docile,Synchronize,None,Teleport,Lucky Chant,Magical Leaf,Calm Mind,0,0,0,0,0,0,0,0,0,0,0,0,Prinplup,Genderless,35,Mild,Torrent,None,BubbleBeam,Pluck,Grass Knot,Blizzard,25,31,31,31,30,31,8,12,17,26,3,22
34,Single,Normal,Building,Drifloon,Genderless,25,Quiet,Aftermath,None,Gust,Focus Energy,Payback,Stockpile,0,0,0,0,0,0,0,0,0,0,0,0,Prinplup,Genderless,35,Mild,Torrent,None,BubbleBeam,Pluck,Grass Knot,Blizzard,25,31,31,31,30,31,8,12,17,28,3,22
35,Single,Normal,Building,Staravia,Genderless,34,Naive,Intimidate,None,Wing Attack,Quick Attack,Endeavor,Double Team,9,9,9,9,9,9,0,0,0,0,0,0,Prinplup,Genderless,35,Mild,Torrent,None,BubbleBeam,Pluck,Grass Knot,Blizzard,25,31,31,31,30,31,9,12,17,28,3,22
35,Single,Normal,Building,Grotle,Genderless,36,Docile,Overgrow,None,Razor Leaf,Bite,Mega Drain,Withdraw,9,9,9,9,9,9,0,0,0,0,0,0,Prinplup,Genderless,35,Mild,Torrent,None,BubbleBeam,Pluck,Grass Knot,Blizzard,25,31,31,31,30,31,9,12,17,28,3,24
35,Single,Normal,Building,Ponyta,Genderless,32,Serious,Run Away,None,Ember,Stomp,Tail Whip,Growl,9,9,9,9,9,9,0,0,0,0,0,0,Prinplup,Genderless,36,Mild,Torrent,None,BubbleBeam,Pluck,Grass Knot,Blizzard,25,31,31,31,30,31,9,13,18,28,3,24
35,Single,Normal,Building,Buizel,Genderless,32,Mild,Swift Swim,None,Aqua Jet,Quick Attack,Pursuit,Growl,9,9,9,9,9,9,0,0,0,0,0,0,Prinplup,Genderless,36,Mild,Torrent,None,BubbleBeam,Pluck,Grass Knot,Blizzard,25,31,31,31,30,31,9,13,18,28,3,25
36,Single,Normal,Building,Wingull,Genderless,31,Bashful,Keen Eye,None,Water Pulse,Wing Attack,Quick Attack,None,1,1,1,1,1,1,0,0,0,0,0,0,Empoleon,Genderless,36,Mild,Torrent,None,BubbleBeam,Pluck,Grass Knot,Blizzard,25,31,31,31,30,31,9,13,18,28,3,26
36,Single,Normal,Building,Pelipper,Genderless,31,Naive,Keen Eye,None,Water Pulse,Wing Attack,Quick Attack,None,1,1,1,1,1,1,0,0,0,0,0,0,Empoleon,Genderless,36,Mild,Torrent,None,BubbleBeam,Pluck,Grass Knot,Blizzard,25,31,31,31,30,31,9,13,18,28,3,27
37,Single,Normal,Building,Bibarel,Genderless,32,Hasty,Simple,None,Water Gun,Rollout,Hyper Fang,Yawn,1,1,1,1,1,1,0,0,0,0,0,0,Empoleon,Genderless,36,Mild,Torrent,None,BubbleBeam,Pluck,Grass Knot,Blizzard,25,31,31,31,30,31,9,13,20,28,3,27
38,Single,Normal,Building,Azurill,Genderless,27,Jolly,Thick Fat,None,Water Gun,Slam,Charm,None,1,1,1,1,1,1,0,0,0,0,0,0,Empoleon,Genderless,37,Mild,Torrent,None,BubbleBeam,Pluck,Grass Knot,Blizzard,25,31,31,31,30,31,9,15,20,28,3,27
38,Single,Normal,Building,Azumarill,Genderless,31,Careful,Thick Fat,None,BubbleBeam,Double-Edge,Rollout,Aqua Ring,1,1,1,1,1,1,0,0,0,0,0,0,Empoleon,Genderless,37,Mild,Torrent,None,BubbleBeam,Pluck,Grass Knot,Blizzard,25,31,31,31,30,31,10,15,20,28,3,27
38,Single,Normal,Building,Marill,Genderless,29,Naughty,Thick Fat,None,BubbleBeam,Rollout,Defense Curl,Aqua Ring,1,1,1,1,1,1,0,0,0,0,0,0,Empoleon,Genderless,37,Mild,Torrent,None,BubbleBeam,Pluck,Grass Knot,Blizzard,25,31,31,31,30,31,13,15,20,28,3,27
39,Single,Normal,Building,Wingull,Genderless,29,Brave,Keen Eye,None,Water Pulse,Wing Attack,Supersonic,None,1,1,1,1,1,1,0,0,0,0,0,0,Empoleon,Genderless,37,Mild,Torrent,None,BubbleBeam,Pluck,Grass Knot,Blizzard,25,31,31,31,30,31,15,15,20,28,3,27
39,Single,Normal,Building,Shellos,Genderless,30,Brave,Sticky Hold,None,Water Pulse,Mud Bomb,Rain Dance,None,1,1,1,1,1,1,0,0,0,0,0,0,Empoleon,Genderless,37,Mild,Torrent,None,BubbleBeam,Pluck,Grass Knot,Blizzard,25,31,31,31,30,31,15,15,20,28,3,28
39,Single,Normal,Building,Golduck,Genderless,31,Lax,Damp,None,Fury Swipes,Confusion,Water Pulse,None,1,1,1,1,1,1,0,0,0,0,0,0,Empoleon,Genderless,37,Mild,Torrent,None,BubbleBeam,Pluck,Grass Knot,Blizzard,25,31,31,31,30,31,16,15,20,28,3,28
40,Single,Normal,Building,Gyarados,Genderless,33,Lax,Intimidate,None,Waterfall,Brine,Bite,Twister,18,18,18,18,18,18,0,0,0,0,0,0,Empoleon,Genderless,37,Mild,Torrent,None,BubbleBeam,Pluck,Grass Knot,Blizzard,25,31,31,31,30,31,16,15,20,30,3,28
40,Single,Normal,Building,Quagsire,Genderless,34,Naughty,Damp,None,Mud Shot,Rock Tomb,Water Pulse,Yawn,18,18,18,18,18,18,0,0,0,0,0,0,Empoleon,Genderless,38,Mild,Torrent,None,BubbleBeam,Pluck,Grass Knot,Blizzard,25,31,31,31,30,31,16,17,20,30,3,28
40,Single,Normal,Building,Floatzel,Genderless,37,Naughty,Swift Swim,Sitrus Berry,Brine,Ice Fang,Crunch,Aqua Jet,18,18,18,18,18,18,0,0,0,0,0,0,Empoleon,Genderless,38,Mild,Torrent,None,BubbleBeam,Pluck,Grass Knot,Blizzard,25,31,31,31,30,31,18,17,20,30,3,28
41,Single,Normal,Building,Croagunk,Genderless,31,Impish,Anticipation,None,Revenge,Swagger,Mud Bomb,Sucker Punch,3,3,3,3,3,3,0,0,0,0,0,0,Empoleon,Genderless,38,Mild,Torrent,None,BubbleBeam,Pluck,Grass Knot,Blizzard,25,31,31,31,30,31,18,17,20,30,3,30
42,Single,Normal,Building,Aipom,Genderless,32,Bashful,Run Away,None,Swift,Water Pulse,Shock Wave,Aerial Ace,6,6,6,6,6,6,0,0,0,0,0,0,Empoleon,Genderless,38,Mild,Torrent,None,BubbleBeam,Pluck,Grass Knot,Blizzard,25,31,31,31,30,31,18,18,20,30,3,30
42,Single,Normal,Building,Grotle,Genderless,33,Timid,Overgrow,None,Mega Drain,Bite,Curse,None,6,6,6,6,6,6,0,0,0,0,0,0,Empoleon,Genderless,39,Mild,Torrent,None,BubbleBeam,Pluck,Grass Knot,Blizzard,25,31,31,31,30,31,18,18,20,30,3,31
42,Single,Normal,Building,Girafarig,Genderless,32,Rash,Inner Focus,None,Double Hit,Psybeam,Assurance,Light Screen,6,6,6,6,6,6,0,0,0,0,0,0,Empoleon,Genderless,39,Mild,Torrent,None,BubbleBeam,Pluck,Grass Knot,Blizzard,25,31,31,31,30,31,18,19,21,30,3,31
43,Single,Normal,Building,Machoke,Genderless,34,Hasty,Guts,None,Seismic Toss,Revenge,Vital Throw,Submission,3,3,3,3,3,3,0,0,0,0,0,0,Empoleon,Genderless,39,Mild,Torrent,None,BubbleBeam,Pluck,Grass Knot,Blizzard,25,31,31,31,30,31,18,19,21,32,3,31
44,Single,Normal,Building,Hoothoot,Genderless,31,Bashful,Insomnia,None,Reflect,Confusion,Take Down,Air Slash,6,6,6,6,6,6,0,0,0,0,0,0,Empoleon,Genderless,39,Mild,Torrent,None,BubbleBeam,Pluck,Grass Knot,Blizzard,25,31,31,31,30,31,18,21,21,32,3,31
44,Single,Normal,Building,Noctowl,Genderless,33,Gentle,Insomnia,None,Reflect,Confusion,Take Down,Air Slash,6,6,6,6,6,6,0,0,0,0,0,0,Empoleon,Genderless,39,Mild,Torrent,None,BubbleBeam,Pluck,Grass Knot,Blizzard,25,31,31,31,30,31,19,21,21,32,3,31
45,Single,Normal,Building,Houndour,Genderless,32,Sassy,Early Bird,None,Bite,Odor Sleuth,Beat Up,Fire Fang,3,3,3,3,3,3,0,0,0,0,0,0,Empoleon,Genderless,40,Mild,Torrent,Choice Specs,BubbleBeam,Pluck,Grass Knot,Blizzard,25,31,31,31,30,31,21,21,21,32,3,31
45,Single,Normal,Building,Golbat,Genderless,30,Relaxed,Inner Focus,None,Bite,Wing Attack,Confuse Ray,Air Cutter,3,3,3,3,3,3,0,0,0,0,0,0,Empoleon,Genderless,40,Mild,Torrent,Choice Specs,BubbleBeam,Pluck,Grass Knot,Blizzard,25,31,31,31,30,31,21,21,21,33,3,31
46,Single,Normal,Building,Sneasel,Genderless,34,Relaxed,Inner Focus,None,Slash,Ice Punch,Quick Attack,Screech,30,30,30,30,30,30,0,0,0,0,0,0,Empoleon,Genderless,40,Mild,Torrent,Choice Specs,BubbleBeam,Pluck,Grass Knot,Blizzard,25,31,31,31,30,31,21,21,21,33,3,33
46,Single,Normal,Building,Golbat,Genderless,34,Quiet,Inner Focus,None,Poison Fang,Air Cutter,Bite,Supersonic,30,30,30,30,30,30,0,0,0,0,0,0,Empoleon,Genderless,40,Mild,Torrent,Choice Specs,BubbleBeam,Pluck,Grass Knot,Blizzard,25,31,31,31,30,31,21,21,21,33,3,34
46,Single,Normal,Building,Murkrow,Genderless,36,Impish,Insomnia,Sitrus Berry,Drill Peck,Night Shade,Astonish,Faint Attack,30,30,30,30,30,30,0,0,0,0,0,0,Empoleon,Genderless,40,Mild,Torrent,Choice Specs,BubbleBeam,Pluck,Grass Knot,Blizzard,25,31,31,31,30,31,21,21,21,33,3,36
47,Single,Normal,Building,Staraptor,Genderless,36,Quirky,Intimidate,None,Aerial Ace,Take Down,Quick Attack,Double Team,12,12,12,12,12,12,0,0,0,0,0,0,Empoleon,Genderless,41,Mild,Torrent,Choice Specs,Surf,Pluck,Grass Knot,Blizzard,25,31,31,31,30,31,21,21,21,33,3,37
47,Single,Normal,Building,Heracross,Genderless,37,Hasty,Swarm,None,Brick Break,Aerial Ace,Night Slash,Horn Attack,12,12,12,12,12,12,0,0,0,0,0,0,Empoleon,Genderless,41,Mild,Torrent,Choice Specs,Surf,Pluck,Grass Knot,Blizzard,25,31,31,31,30,31,21,24,21,33,3,37
47,Single,Normal,Building,Torterra,Genderless,38,Mild,Overgrow,None,Razor Leaf,Bite,Mega Drain,Leech Seed,12,12,12,12,12,12,0,0,0,0,0,0,Empoleon,Genderless,41,Mild,Torrent,Choice Specs,Surf,Pluck,Grass Knot,Blizzard,25,31,31,31,30,31,21,26,21,33,3,37
47,Single,Normal,Building,Rapidash,Genderless,35,Sassy,Run Away,None,Fire Spin,Take Down,Stomp,Tail Whip,12,12,12,12,12,12,0,0,0,0,0,0,Empoleon,Genderless,42,Mild,Torrent,Choice Specs,Surf,Pluck,Grass Knot,Blizzard,25,31,31,31,30,31,21,28,22,33,3,37
47,Single,Normal,Building,Floatzel,Genderless,35,Calm,Swift Swim,None,Aqua Jet,Pursuit,Quick Attack,Swift,12,12,12,12,12,12,0,0,0,0,0,0,Empoleon,Genderless,42,Mild,Torrent,Choice Specs,Surf,Pluck,Grass Knot,Blizzard,25,31,31,31,30,31,21,28,22,33,3,39
48,Single,Normal,Building,Steelix,Genderless,38,Rash,Rock Head,None,Iron Tail,Taunt,Torment,Screech,4,4,4,4,4,4,0,0,0,0,0,0,Empoleon,Genderless,42,Mild,Torrent,Choice Specs,Surf,Pluck,Grass Knot,Blizzard,25,31,31,31,30,31,21,28,22,33,3,41
49,Single,Normal,Building,Scizor,Genderless,40,Lax,Swarm,None,Metal Claw,X-Scissor,Slash,Pursuit,7,7,7,7,7,7,0,0,0,0,0,0,Empoleon,Genderless,42,Mild,Torrent,Choice Specs,Surf,Pluck,Grass Knot,Blizzard,25,31,31,31,30,31,21,28,24,33,3,41
50,Single,Normal,Building,Magnemite,Genderless,35,Sassy,Magnet Pull,None,Supersonic,Magnet Bomb,Spark,None,1,1,1,1,1,1,0,0,0,0,0,0,Empoleon,Genderless,43,Mild,Torrent,Choice Specs,Surf,Pluck,Grass Knot,Blizzard,25,31,31,31,30,31,21,30,24,33,3,41
50,Single,Normal,Building,Magnemite,Genderless,35,Sassy,Magnet Pull,None,Supersonic,Magnet Bomb,Spark,None,1,1,1,1,1,1,0,0,0,0,0,0,Empoleon,Genderless,43,Mild,Torrent,Choice Specs,Surf,Pluck,Grass Knot,Blizzard,25,31,31,31,30,31,21,30,24,34,3,41
51,Single,Normal,Building,Steelix,Genderless,35,Rash,Rock Head,None,Iron Tail,Rock Slide,Sandstorm,Screech,4,4,4,4,4,4,0,0,0,0,0,0,Empoleon,Genderless,43,Mild,Torrent,Choice Specs,Surf,Pluck,Grass Knot,Blizzard,25,31,31,31,30,31,21,30,24,35,3,41
51,Single,Normal,Building,Steelix,Genderless,37,Bashful,Rock Head,None,Iron Tail,Rock Slide,Sandstorm,Screech,4,4,4,4,4,4,0,0,0,0,0,0,Empoleon,Genderless,43,Mild,Torrent,Choice Specs,Surf,Pluck,Grass Knot,Blizzard,25,31,31,31,30,31,21,30,26,35,3,41
52,Single,Normal,Building,Bronzor,Genderless,35,Modest,Levitate,None,Gyro Ball,Extrasensory,Confuse Ray,None,7,7,7,7,7,7,0,0,0,0,0,0,Empoleon,Genderless,43,Mild,Torrent,Choice Specs,Surf,Pluck,Grass Knot,Blizzard,25,31,31,31,30,31,21,30,28,35,3,41
52,Single,Normal,Building,Bronzor,Genderless,36,Timid,Levitate,None,Gyro Ball,Extrasensory,Confuse Ray,None,7,7,7,7,7,7,0,0,0,0,0,0,Empoleon,Genderless,44,Mild,Torrent,Choice Specs,Surf,Pluck,Grass Knot,Blizzard,25,31,31,31,30,31,21,30,29,35,3,41
52,Single,Normal,Building,Bronzor,Genderless,38,Sassy,Levitate,None,Gyro Ball,Extrasensory,Confuse Ray,None,7,7,7,7,7,7,0,0,0,0,0,0,Empoleon,Genderless,44,Mild,Torrent,Choice Specs,Surf,Pluck,Grass Knot,Blizzard,25,31,31,31,30,31,21,30,30,35,3,41
53,Single,Normal,Building,Magneton,Genderless,37,Relaxed,Magnet Pull,None,Flash Cannon,Thunderbolt,Tri Attack,Metal Sound,24,24,24,24,24,24,0,0,0,0,0,0,Empoleon,Genderless,44,Mild,Torrent,Choice Specs,Surf,Pluck,Grass Knot,Blizzard,25,31,31,31,30,31,21,30,31,35,3,41
53,Single,Normal,Building,Steelix,Genderless,38,Serious,Rock Head,None,Flash Cannon,Ice Fang,Earthquake,Sandstorm,24,24,24,24,24,24,0,0,0,0,0,0,Empoleon,Genderless,44,Mild,Torrent,Choice Specs,Surf,Pluck,Grass Knot,Blizzard,25,31,31,31,30,31,21,30,31,37,3,41
53,Single,Normal,Building,Bastiodon,Genderless,41,Lax,Sturdy,Sitrus Berry,Metal Burst,Stone Edge,Iron Defense,Taunt,24,24,24,24,24,24,0,0,0,0,0,0,Empoleon,Genderless,44,Mild,Torrent,Choice Specs,Surf,Pluck,Grass Knot,Blizzard,25,31,31,31,30,31,21,30,33,37,3,41
54,Single,Normal,Building,Golbat,Genderless,38,Naughty,Inner Focus,None,Air Cutter,Bite,Toxic,Supersonic,24,24,24,24,24,24,0,0,0,0,0,0,Empoleon,Genderless,45,Mild,Torrent,Choice Specs,Surf,Strength,Flash Cannon,Blizzard,25,31,31,31,30,31,21,30,35,37,3,41
54,Single,Normal,Building,Toxicroak,Genderless,40,Adamant,Anticipation,Sitrus Berry,Poison Jab,Revenge,Mud Bomb,Faint Attack,24,24,24,24,24,24,0,0,0,0,0,0,Empoleon,Genderless,45,Mild,Torrent,Choice Specs,Surf,Strength,Flash Cannon,Blizzard,25,31,31,31,30,31,21,30,35,37,3,43
54,Single,Normal,Building,Bronzor,Genderless,38,Quirky,Levitate,None,Gyro Ball,Shadow Ball,Rock Tomb,Iron Defense,24,24,24,24,24,24,0,0,0,0,0,0,Empoleon,Genderless,45,Mild,Torrent,Choice Specs,Surf,Strength,Flash Cannon,Blizzard,25,31,31,31,30,31,21,32,35,37,3,43
55,Double,Normal,Building,Glameow,Genderless,33,Jolly,Limber,None,Fury Swipes,Faint Attack,Growl,Fake Out,3,3,3,3,3,3,0,0,0,0,0,0,Empoleon,Genderless,45,Mild,Torrent,Choice Specs,Surf,Strength,Flash Cannon,Blizzard,25,31,31,31,30,31,21,32,36,37,3,43
55,Double,Normal,Building,Croagunk,Genderless,37,Careful,Anticipation,None,Swagger,Mud Bomb,Sucker Punch,Nasty Plot,3,3,3,3,3,3,0,0,0,0,0,0,Empoleon,Genderless,45,Mild,Torrent,Choice Specs,Surf,Strength,Flash Cannon,Blizzard,25,31,31,31,30,31,21,32,36,37,3,44
55,Double,Normal,Building,Golbat,Genderless,33,Serious,Inner Focus,None,Air Cutter,Wing Attack,Bite,Supersonic,3,3,3,3,3,3,0,0,0,0,0,0,Empoleon,Genderless,45,Mild,Torrent,Choice Specs,Surf,Strength,Flash Cannon,Blizzard,25,31,31,31,30,31,21,33,36,37,3,44
55,Double,Normal,Building,Murkrow,Genderless,36,Rash,Insomnia,None,Faint Attack,Night Shade,Wing Attack,None,3,3,3,3,3,3,0,0,0,0,0,0,Empoleon,Genderless,45,Mild,Torrent,Choice Specs,Surf,Strength,Flash Cannon,Blizzard,25,31,31,31,30,31,21,33,36,37,3,46
56,Single,Normal,Building,Golbat,Genderless,38,Modest,Inner Focus,None,Air Cutter,Bite,Toxic,Supersonic,24,24,24,24,24,24,0,0,0,0,0,0,Empoleon,Genderless,46,Mild,Torrent,Choice Specs,Surf,Strength,Flash Cannon,Blizzard,25,31,31,31,30,31,21,33,36,37,3,47
56,Single,Normal,Building,Bronzor,Genderless,38,Relaxed,Levitate,None,Gyro Ball,Extrasensory,Iron Defense,Confuse Ray,24,24,24,24,24,24,0,0,0,0,0,0,Empoleon,Genderless,46,Mild,Torrent,Choice Specs,Surf,Strength,Flash Cannon,Blizzard,25,31,31,31,30,31,21,33,36,37,3,49
56,Single,Normal,Building,Purugly,Genderless,40,Bashful,Thick Fat,Sitrus Berry,Slash,Faint Attack,Hypnosis,Fake Out,24,24,24,24,24,24,0,0,0,0,0,0,Empoleon,Genderless,46,Mild,Torrent,Choice Specs,Surf,Strength,Flash Cannon,Blizzard,25,31,31,31,30,31,21,33,37,37,3,49
57,Single,Normal,Building,Tropius,Genderless,42,Quiet,Chlorophyll,None,Air Slash,Body Slam,Magical Leaf,Sweet Scent,6,6,6,6,6,6,0,0,0,0,0,0,Empoleon,Genderless,46,Mild,Torrent,Choice Specs,Surf,Strength,Flash Cannon,Blizzard,25,31,31,31,30,31,21,33,37,37,3,51
58,Single,Normal,Building,Electabuzz,Genderless,40,Hasty,Static,None,Thunderbolt,Swift,Quick Attack,Thunder Wave,6,6,6,6,6,6,0,0,0,0,0,0,Empoleon,Genderless,46,Mild,Torrent,Choice Specs,Surf,Strength,Flash Cannon,Blizzard,25,31,31,31,30,31,23,33,37,37,3,51
58,Single,Normal,Building,Magmar,Genderless,40,Adamant,Flame Body,None,Flamethrower,Faint Attack,Smog,Will-O-Wisp,6,6,6,6,6,6,0,0,0,0,0,0,Empoleon,Genderless,47,Mild,Torrent,Choice Specs,Surf,Strength,Flash Cannon,Blizzard,25,31,31,31,30,31,23,33,37,37,3,53
59,Single,Normal,Building,Kirlia,Genderless,38,Impish,Synchronize,None,Future Sight,Psychic,Magical Leaf,Lucky Chant,6,6,6,6,6,6,0,0,0,0,0,0,Empoleon,Genderless,47,Mild,Torrent,Choice Specs,Surf,Strength,Flash Cannon,Blizzard,25,31,31,31,30,31,23,33,37,39,3,53
59,Single,Normal,Building,Buneary,Genderless,38,Mild,Run Away,None,Dizzy Punch,Quick Attack,Jump Kick,Shadow Ball,6,6,6,6,6,6,0,0,0,0,0,0,Empoleon,Genderless,47,Mild,Torrent,Choice Specs,Surf,Strength,Flash Cannon,Blizzard,25,31,31,31,30,31,23,33,37,41,3,53
59,Single,Normal,Building,Seaking,Genderless,39,Naive,Swift Swim,None,Waterfall,Poison Jab,Supersonic,Aqua Ring,6,6,6,6,6,6,0,0,0,0,0,0,Empoleon,Genderless,47,Mild,Torrent,Choice Specs,Surf,Strength,Flash Cannon,Blizzard,25,31,31,31,30,31,23,33,37,41,3,54
60,Single,Normal,Building,Sneasel,Genderless,40,Docile,Inner Focus,None,Slash,Aerial Ace,Faint Attack,Ice Shard,30,30,30,30,30,30,0,0,0,0,0,0,Empoleon,Genderless,47,Mild,Torrent,Choice Specs,Surf,Strength,Flash Cannon,Rock Climb,25,31,31,31,30,31,23,35,37,41,3,54
60,Single,Normal,Building,Piloswine,Genderless,40,Mild,Oblivious,None,Avalanche,Stone Edge,Earthquake,Hail,30,30,30,30,30,30,0,0,0,0,0,0,Empoleon,Genderless,47,Mild,Torrent,Choice Specs,Surf,Strength,Flash Cannon,Rock Climb,25,31,31,31,30,31,23,35,37,41,3,55
60,Single,Normal,Building,Abomasnow,Genderless,42,Relaxed,Snow Warning,None,Avalanche,Wood Hammer,Water Pulse,Focus Blast,30,30,30,30,30,30,0,0,0,0,0,0,Empoleon,Genderless,48,Mild,Torrent,Choice Specs,Surf,Strength,Flash Cannon,Rock Climb,25,31,31,31,30,31,24,36,37,41,3,55
60,Single,Normal,Building,Froslass,Genderless,44,Lonely,Snow Cloak,Sitrus Berry,Blizzard,Double Team,Shadow Ball,Psychic,30,30,30,30,30,30,0,0,0,0,0,0,Empoleon,Genderless,48,Mild,Torrent,Choice Specs,Surf,Strength,Flash Cannon,Rock Climb,25,31,31,31,30,31,24,37,37,42,3,55
61,Single,Normal,Building,Houndour,Genderless,38,Careful,Early Bird,None,Odor Sleuth,Beat Up,Fire Fang,Faint Attack,3,3,3,3,3,3,0,0,0,0,0,0,Empoleon,Genderless,48,Mild,Torrent,Choice Specs,Surf,Strength,Flash Cannon,Rock Climb,25,31,31,31,30,31,24,37,37,42,3,57
61,Single,Normal,Building,Murkrow,Genderless,40,Docile,Insomnia,None,Night Shade,Assurance,Taunt,Faint Attack,3,3,3,3,3,3,0,0,0,0,0,0,Empoleon,Genderless,48,Mild,Torrent,Choice Specs,Surf,Strength,Flash Cannon,Rock Climb,25,31,31,31,30,31,24,37,37,43,3,57
62,Single,Normal,Building,Golbat,Genderless,40,Modest,Inner Focus,None,Confuse Ray,Air Cutter,Mean Look,Poison Fang,3,3,3,3,3,3,0,0,0,0,0,0,Empoleon,Genderless,48,Mild,Torrent,Choice Specs,Surf,Strength,Flash Cannon,Rock Climb,25,31,31,31,30,31,24,37,37,43,3,58
62,Single,Normal,Building,Golbat,Genderless,38,Bashful,Inner Focus,None,Wing Attack,Confuse Ray,Air Cutter,Mean Look,3,3,3,3,3,3,0,0,0,0,0,0,Empoleon,Genderless,49,Mild,Torrent,Choice Specs,Surf,Strength,Flash Cannon,Rock Climb,25,31,31,31,30,31,24,37,37,43,3,60
63,Double,Normal,Building,Stunky,Genderless,38,Quiet,Stench,None,Slash,Toxic,Night Slash,Memento,3,3,3,3,3,3,0,0,0,0,0,0,Empoleon,Genderless,49,Mild,Torrent,Choice Specs,Surf,Strength,Flash Cannon,Rock Climb,25,31,31,31,30,31,24,37,37,43,3,62
63,Double,Normal,Building,Croagunk,Genderless,38,Jolly,Anticipation,None,Mud Bomb,Sucker Punch,Nasty Plot,Poison Jab,3,3,3,3,3,3,0,0,0,0,0,0,Empoleon,Genderless,49,Mild,Torrent,Choice Specs,Surf,Strength,Flash Cannon,Rock Climb,25,31,31,31,30,31,24,37,37,43,3,63
63,Double,Normal,Building,Croagunk,Genderless,40,Bashful,Anticipation,None,Mud Bomb,Sucker Punch,Nasty Plot,Poison Jab,3,3,3,3,3,3,0,0,0,0,0,0,Empoleon,Genderless,49,Mild,Torrent,Choice Specs,Surf,Strength,Flash Cannon,Rock Climb,25,31,31,31,30,31,24,38,37,43,3,63
63,Double,Normal,Building,Stunky,Genderless,38,Rash,Stench,None,Slash,Toxic,Night Slash,Memento,3,3,3,3,3,3,0,0,0,0,0,0,Empoleon,Genderless,49,Mild,Torrent,Choice Specs,Surf,Strength,Flash Cannon,Rock Climb,25,31,31,31,30,31,24,39,37,43,3,63
63,Double,Normal,Building,Glameow,Genderless,38,Bashful,Limber,None,Charm,Assist,Captivate,Slash,3,3,3,3,3,3,0,0,0,0,0,0,Empoleon,Genderless,49,Mild,Torrent,Choice Specs,Surf,Strength,Flash Cannon,Rock Climb,25,31,31,31,30,31,24,39,37,43,3,64
64,Single,Normal,Building,Sneasel,Genderless,44,Serious,Inner Focus,None,Slash,Ice Punch,Quick Attack,Screech,30,30,30,30,30,30,0,0,0,0,0,0,Empoleon,Genderless,49,Mild,Torrent,Choice Specs,Surf,Strength,Flash Cannon,Rock Climb,25,31,31,31,30,31,24,39,37,43,3,65
64,Single,Normal,Building,Crobat,Genderless,44,Hasty,Inner Focus,None,Poison Fang,Air Cutter,Bite,Supersonic,30,30,30,30,30,30,0,0,0,0,0,0,Empoleon,Genderless,49,Mild,Torrent,Choice Specs,Surf,Strength,Flash Cannon,Rock Climb,25,31,31,31,30,31,24,39,37,43,3,66
64,Single,Normal,Building,Honchkrow,Genderless,46,Relaxed,Insomnia,Sitrus Berry,Drill Peck,Night Shade,Astonish,Faint Attack,30,30,30,30,30,30,0,0,0,0,0,0,Empoleon,Genderless,50,Mild,Torrent,Choice Specs,Surf,Strength,Flash Cannon,Rock Climb,25,31,31,31,30,31,24,39,37,43,3,69
65,Single,Normal,Building,Golbat,Genderless,42,Bold,Inner Focus,None,Air Cutter,Bite,Poison Fang,Confuse Ray,24,24,24,24,24,24,0,0,0,0,0,0,Empoleon,Genderless,50,Mild,Torrent,Choice Specs,Surf,Strength,Flash Cannon,Rock Climb,25,31,31,31,30,31,24,41,37,43,3,69
65,Single,Normal,Building,Toxicroak,Genderless,44,Naughty,Anticipation,Sitrus Berry,Poison Jab,Brick Break,X-Scissor,Faint Attack,24,24,24,24,24,24,0,0,0,0,0,0,Empoleon,Genderless,50,Mild,Torrent,Choice Specs,Surf,Strength,Flash Cannon,Rock Climb,25,31,31,31,30,31,24,41,37,43,3,71
65,Single,Normal,Building,Bronzor,Genderless,42,Hardy,Levitate,None,Gyro Ball,Extrasensory,Shadow Ball,Confuse Ray,24,24,24,24,24,24,0,0,0,0,0,0,Empoleon,Genderless,50,Mild,Torrent,Choice Specs,Surf,Strength,Flash Cannon,Rock Climb,25,31,31,31,30,31,24,43,37,43,3,71
66,Single,Normal,Building,Houndour,Genderless,40,Timid,Early Bird,None,Beat Up,Fire Fang,Faint Attack,Embargo,3,3,3,3,3,3,0,0,0,0,0,0,Empoleon,Genderless,50,Mild,Torrent,Choice Specs,Surf,Strength,Flash Cannon,Rock Climb,25,31,31,31,30,31,24,43,38,43,3,71
66,Single,Normal,Building,Glameow,Genderless,42,Modest,Limber,None,Assist,Captivate,Slash,Sucker Punch,3,3,3,3,3,3,0,0,0,0,0,0,Empoleon,Genderless,51,Mild,Torrent,Choice Specs,Surf,Strength,Flash Cannon,Rock Climb,25,31,31,31,30,31,24,43,38,44,3,71
67,Single,Normal,Building,Glameow,Genderless,41,Hasty,Limber,None,Assist,Captivate,Slash,Sucker Punch,3,3,3,3,3,3,0,0,0,0,0,0,Empoleon,Genderless,51,Mild,Torrent,Choice Specs,Surf,Strength,Flash Cannon,Rock Climb,25,31,31,31,30,31,24,43,38,44,3,72
67,Single,Normal,Building,Golbat,Genderless,41,Docile,Inner Focus,None,Confuse Ray,Air Cutter,Mean Look,Poison Fang,3,3,3,3,3,3,0,0,0,0,0,0,Empoleon,Genderless,51,Mild,Torrent,Choice Specs,Surf,Strength,Flash Cannon,Rock Climb,25,31,31,31,30,31,24,43,38,44,3,73
68,Single,Normal,Building,Golbat,Genderless,39,Quirky,Inner Focus,None,Confuse Ray,Air Cutter,Mean Look,Poison Fang,3,3,3,3,3,3,0,0,0,0,0,0,Empoleon,Genderless,51,Mild,Torrent,Choice Specs,Surf,Strength,Flash Cannon,Rock Climb,25,31,31,31,30,31,24,43,38,44,3,75
68,Single,Normal,Building,Croagunk,Genderless,40,Quirky,Anticipation,None,Mud Bomb,Sucker Punch,Nasty Plot,Poison Jab,3,3,3,3,3,3,0,0,0,0,0,0,Empoleon,Genderless,51,Mild,Torrent,Choice Specs,Surf,Strength,Flash Cannon,Rock Climb,25,31,31,31,30,31,24,43,38,44,3,77
68,Single,Normal,Building,Murkrow,Genderless,41,Calm,Insomnia,None,Assurance,Taunt,Faint Attack,Mean Look,3,3,3,3,3,3,0,0,0,0,0,0,Empoleon,Genderless,51,Mild,Torrent,Choice Specs,Surf,Strength,Flash Cannon,Rock Climb,25,31,31,31,30,31,24,44,38,44,3,77
69,Double,Normal,Building,Stunky,Genderless,41,Hasty,Stench,None,Slash,Toxic,Night Slash,Memento,3,3,3,3,3,3,0,0,0,0,0,0,Empoleon,Genderless,51,Mild,Torrent,Choice Specs,Surf,Strength,Flash Cannon,Rock Climb,25,31,31,31,30,31,24,44,38,44,3,78
69,Double,Normal,Building,Croagunk,Genderless,39,Serious,Anticipation,None,Mud Bomb,Sucker Punch,Nasty Plot,Poison Jab,3,3,3,3,3,3,0,0,0,0,0,0,Empoleon,Genderless,51,Mild,Torrent,Choice Specs,Surf,Strength,Flash Cannon,Rock Climb,25,31,31,31,30,31,24,44,38,44,3,79
69,Double,Normal,Building,Glameow,Genderless,41,Timid,Limber,None,Assist,Captivate,Slash,Sucker Punch,3,3,3,3,3,3,0,0,0,0,0,0,Empoleon,Genderless,51,Mild,Torrent,Choice Specs,Surf,Strength,Flash Cannon,Rock Climb,25,31,31,31,30,31,24,45,38,44,3,79
69,Double,Normal,Building,Croagunk,Genderless,43,Docile,Anticipation,None,Sucker Punch,Nasty Plot,Poison Jab,Sludge Bomb,3,3,3,3,3,3,0,0,0,0,0,0,Empoleon,Genderless,52,Mild,Torrent,Choice Specs,Surf,Strength,Flash Cannon,Rock Climb,25,31,31,31,30,31,24,45,38,44,3,80
70,Double,Normal,Building,Bronzor,Genderless,44,Quirky,Levitate,None,Gyro Ball,Extrasensory,Rock Slide,Reflect,24,24,24,24,24,24,0,0,0,0,0,0,Empoleon,Genderless,52,Mild,Torrent,Choice Specs,Surf,Strength,Flash Cannon,Rock Climb,25,31,31,31,30,31,24,46,38,44,3,80
70,Double,Normal,Building,Bronzor,Genderless,44,Brave,Levitate,None,Gyro Ball,Extrasensory,Light Screen,Confuse Ray,24,24,24,24,24,24,0,0,0,0,0,0,Empoleon,Genderless,52,Mild,Torrent,Choice Specs,Surf,Strength,Flash Cannon,Rock Climb,25,31,31,31,30,31,24,46,39,44,3,80
70,Double,Normal,Building,Skuntank,Genderless,46,Relaxed,Stench,Sitrus Berry,Night Slash,Poison Jab,Flamethrower,SmokeScreen,24,24,24,24,24,24,0,0,0,0,0,0,Empoleon,Genderless,52,Mild,Torrent,Choice Specs,Surf,Strength,Flash Cannon,Rock Climb,25,31,31,31,30,31,24,46,40,44,3,80
70,Double,Normal,Building,Purugly,Genderless,46,Jolly,Thick Fat,Sitrus Berry,Slash,Shadow Claw,Aerial Ace,Hypnosis,24,24,24,24,24,24,0,0,0,0,0,0,Empoleon,Genderless,52,Mild,Torrent,Choice Specs,Surf,Strength,Flash Cannon,Rock Climb,25,31,31,31,30,31,26,46,40,44,3,80
70,Double,Normal,Building,Golbat,Genderless,44,Brave,Inner Focus,None,Sludge Bomb,Air Cutter,Giga Drain,Mean Look,24,24,24,24,24,24,0,0,0,0,0,0,Empoleon,Genderless,52,Mild,Torrent,Choice Specs,Surf,Strength,Flash Cannon,Rock Climb,25,31,31,31,30,31,26,46,40,44,3,82
70,Double,Normal,Building,Golbat,Genderless,44,Lonely,Inner Focus,None,Air Cutter,Bite,Poison Fang,Confuse Ray,24,24,24,24,24,24,0,0,0,0,0,0,Empoleon,Genderless,52,Mild,Torrent,Choice Specs,Surf,Strength,Flash Cannon,Rock Climb,25,31,31,31,30,31,26,46,40,44,3,84
71,Single,Normal,Building,Houndoom,Genderless,45,Bashful,Early Bird,None,Flamethrower,Dark Pulse,Will-O-Wisp,Thunder Fang,30,30,30,30,30,30,0,0,0,0,0,0,Empoleon,Genderless,53,Mild,Torrent,Choice Specs,Surf,Strength,Flash Cannon,Rock Climb,25,31,31,31,30,31,26,46,40,44,3,86
71,Single,Normal,Building,Gyarados,Genderless,46,Careful,Intimidate,None,Giga Impact,Waterfall,Ice Fang,Earthquake,30,30,30,30,30,30,0,0,0,0,0,0,Empoleon,Genderless,53,Mild,Torrent,Choice Specs,Surf,Strength,Flash Cannon,Rock Climb,25,31,31,31,30,31,26,46,40,46,3,86
71,Single,Normal,Building,Honchkrow,Genderless,47,Adamant,Insomnia,None,Drill Peck,Night Shade,Heat Wave,Psychic,30,30,30,30,30,30,0,0,0,0,0,0,Empoleon,Genderless,53,Mild,Torrent,Choice Specs,Surf,Strength,Flash Cannon,Rock Climb,25,31,31,31,30,31,26,48,40,46,3,86
71,Single,Normal,Building,Weavile,Genderless,48,Modest,Pressure,Sitrus Berry,Night Slash,Ice Punch,Fake Out,X-Scissor,30,30,30,30,30,30,0,0,0,0,0,0,Empoleon,Genderless,53,Mild,Torrent,Choice Specs,Surf,Strength,Flash Cannon,Rock Climb,25,31,31,31,30,31,26,50,40,46,3,86
71,Single,Normal,Building,Crobat,Genderless,46,Naive,Inner Focus,None,Cross Poison,Air Slash,Toxic,Confuse Ray,30,30,30,30,30,30,0,0,0,0,0,0,Empoleon,Genderless,54,Mild,Torrent,Choice Specs,Surf,Strength,Flash Cannon,Rock Climb,25,31,31,31,30,31,26,51,40,46,3,87
72,Single,Normal,Building,Wingull,Genderless,41,Timid,Keen Eye,None,Quick Attack,Roost,Pursuit,Agility,0,0,0,0,0,0,0,0,0,0,0,0,Empoleon,Genderless,54,Mild,Torrent,Choice Specs,Surf,Strength,Flash Cannon,Rock Climb,25,31,31,31,30,31,26,51,40,46,3,90
72,Single,Normal,Building,Machoke,Genderless,42,Modest,Guts,None,Vital Throw,Submission,Wake-Up Slap,Cross Chop,0,0,0,0,0,0,0,0,0,0,0,0,Empoleon,Genderless,54,Mild,Torrent,Choice Specs,Surf,Strength,Flash Cannon,Rock Climb,25,31,31,31,30,31,26,51,40,46,3,91
72,Single,Normal,Building,Gastrodon,Genderless,43,Bashful,Sticky Hold,None,Hidden Power,Rain Dance,Body Slam,Muddy Water,0,0,0,0,0,0,0,0,0,0,0,0,Empoleon,Genderless,54,Mild,Torrent,Choice Specs,Surf,Strength,Flash Cannon,Rock Climb,25,31,31,31,30,31,26,53,40,46,3,91
73,Single,Normal,Building,Pachirisu,Genderless,47,Adamant,Run Away,None,Last Resort,Super Fang,Discharge,Sweet Kiss,1,1,1,1,1,1,0,0,0,0,0,0,Empoleon,Genderless,54,Mild,Torrent,Choice Specs,Surf,Strength,Flash Cannon,Rock Climb,25,31,31,31,30,31,28,53,40,46,3,91
74,Single,Normal,Building,Magneton,Genderless,47,Bold,Magnet Pull,None,Thunderbolt,Tri Attack,Mirror Shot,None,1,1,1,1,1,1,0,0,0,0,0,0,Empoleon,Genderless,54,Mild,Torrent,Choice Specs,Surf,Strength,Flash Cannon,Rock Climb,25,31,31,31,30,31,28,53,40,46,3,92
75,Single,Normal,Building,Magnemite,Genderless,44,Rash,Magnet Pull,None,Magnet Bomb,Screech,Discharge,Mirror Shot,1,1,1,1,1,1,0,0,0,0,0,0,Empoleon,Genderless,54,Mild,Torrent,Choice Specs,Surf,Strength,Flash Cannon,Rock Climb,25,31,31,31,30,31,28,53,40,48,3,92
75,Single,Normal,Building,Luxio,Genderless,44,Bashful,Rivalry,None,Swagger,Thunder Fang,Crunch,Scary Face,1,1,1,1,1,1,0,0,0,0,0,0,Empoleon,Genderless,55,Mild,Torrent,Choice Specs,Surf,Strength,Flash Cannon,Rock Climb,25,31,31,31,30,31,28,53,40,49,3,92
75,Single,Normal,Building,Luxio,Genderless,44,Bashful,Rivalry,None,Swagger,Thunder Fang,Crunch,Scary Face,1,1,1,1,1,1,0,0,0,0,0,0,Empoleon,Genderless,55,Mild,Torrent,Choice Specs,Surf,Strength,Flash Cannon,Rock Climb,25,31,31,31,30,31,28,55,40,49,3,92
76,Single,Normal,Building,Electabuzz,Genderless,47,Modest,Static,None,Thunderbolt,Shock Wave,Quick Attack,Iron Tail,7,7,7,7,7,7,0,0,0,0,0,0,Empoleon,Genderless,55,Mild,Torrent,Choice Specs,Surf,Strength,Flash Cannon,Rock Climb,25,31,31,31,30,31,28,57,40,49,3,92
76,Single,Normal,Building,Raichu,Genderless,48,Jolly,Static,None,Thunderbolt,Dig,Thunder Wave,Light Screen,7,7,7,7,7,7,0,0,0,0,0,0,Empoleon,Genderless,55,Mild,Torrent,Choice Specs,Surf,Strength,Flash Cannon,Rock Climb,25,31,31,31,30,31,28,57,40,49,3,94
77,Single,Normal,Building,Luxio,Genderless,45,Lonely,Rivalry,None,Swagger,Thunder Fang,Crunch,Scary Face,1,1,1,1,1,1,0,0,0,0,0,0,Empoleon,Genderless,55,Mild,Torrent,Choice Specs,Surf,Strength,Flash Cannon,Rock Climb,25,31,31,31,30,31,28,57,40,49,3,97
77,Single,Normal,Building,Luxio,Genderless,45,Lonely,Rivalry,None,Swagger,Thunder Fang,Crunch,Scary Face,1,1,1,1,1,1,0,0,0,0,0,0,Empoleon,Genderless,55,Mild,Torrent,Choice Specs,Surf,Strength,Flash Cannon,Rock Climb,25,31,31,31,30,31,28,59,40,49,3,97
78,Single,Normal,Building,Electabuzz,Genderless,47,Mild,Static,None,Thunderbolt,Shock Wave,Quick Attack,Iron Tail,7,7,7,7,7,7,0,0,0,0,0,0,Empoleon,Genderless,55,Mild,Torrent,Choice Specs,Surf,Strength,Flash Cannon,Rock Climb,25,31,31,31,30,31,28,61,40,49,3,97
78,Single,Normal,Building,Magneton,Genderless,48,Docile,Magnet Pull,None,Thunderbolt,Tri Attack,Mirror Shot,None,7,7,7,7,7,7,0,0,0,0,0,0,Empoleon,Genderless,55,Mild,Torrent,Choice Specs,Surf,Strength,Flash Cannon,Rock Climb,25,31,31,31,30,31,28,61,40,49,3,99
79,Single,Normal,Building,Jolteon,Genderless,46,Relaxed,Volt Absorb,None,Thunder Wave,Charge Beam,Iron Tail,Quick Attack,30,30,30,30,30,30,0,0,0,0,0,0,Empoleon,Genderless,56,Mild,Torrent,Choice Specs,Surf,Strength,Flash Cannon,Rock Climb,25,31,31,31,30,31,28,61,40,51,3,99
79,Single,Normal,Building,Raichu,Genderless,46,Gentle,Static,None,Charge Beam,Focus Blast,Signal Beam,Quick Attack,30,30,30,30,30,30,0,0,0,0,0,0,Empoleon,Genderless,56,Mild,Torrent,Choice Specs,Surf,Strength,Flash Cannon,Rock Climb,25,31,31,31,30,31,28,61,40,51,3,101
79,Single,Normal,Building,Luxray,Genderless,48,Lax,Rivalry,None,Ice Fang,Thunder Fang,Crunch,Fire Fang,30,30,30,30,30,30,0,0,0,0,0,0,Empoleon,Genderless,56,Mild,Torrent,Choice Specs,Surf,Strength,Flash Cannon,Rock Climb,25,31,31,31,30,31,28,61,40,51,3,104
79,Single,Normal,Building,Electivire,Genderless,50,Impish,Motor Drive,Sitrus Berry,ThunderPunch,Fire Punch,Quick Attack,Giga Impact,4,3,29,18,15,19,0,0,0,0,0,0,Empoleon,Genderless,56,Mild,Torrent,Choice Specs,Surf,Strength,Flash Cannon,Rock Climb,25,31,31,31,30,31,28,64,40,51,3,104
80,Single,Normal,Building,Mantyke,Genderless,41,Gentle,Swift Swim,None,Water Pulse,Take Down,Confuse Ray,Bounce,0,0,0,0,0,0,0,0,0,0,0,0,Empoleon,Genderless,56,Mild,Torrent,Choice Specs,Surf,Strength,Waterfall,Rock Climb,25,31,31,31,30,31,28,67,40,51,3,104
80,Single,Normal,Building,Remoraid,Genderless,42,Hasty,Hustle,None,Bullet Seed,Water Pulse,Signal Beam,Ice Beam,0,0,0,0,0,0,0,0,0,0,0,0,Empoleon,Genderless,56,Mild,Torrent,Choice Specs,Surf,Strength,Waterfall,Rock Climb,25,31,31,31,30,31,28,67,40,51,4,104
80,Single,Normal,Building,Mantine,Genderless,43,Hasty,Swift Swim,None,Water Pulse,Take Down,Confuse Ray,Bounce,0,0,0,0,0,0,0,0,0,0,0,0,Empoleon,Genderless,57,Mild,Torrent,Choice Specs,Surf,Strength,Waterfall,Rock Climb,25,31,31,31,30,31,28,67,40,52,4,104
81,Single,Normal,Building,Blissey,Genderless,45,Naughty,Natural Cure,None,Double-Edge,Sing,Softboiled,Light Screen,6,6,6,6,6,6,0,0,0,0,0,0,Empoleon,Genderless,57,Mild,Torrent,Choice Specs,Surf,Strength,Waterfall,Rock Climb,25,31,31,31,30,31,28,67,40,52,6,104
81,Single,Normal,Building,Magnezone,Genderless,48,Naive,Magnet Pull,None,Discharge,Flash Cannon,Thunder Wave,Barrier,6,6,6,6,6,6,0,0,0,0,0,0,Empoleon,Genderless,57,Mild,Torrent,Choice Specs,Surf,Strength,Waterfall,Rock Climb,25,31,31,31,30,31,31,67,40,52,6,104
81,Single,Normal,Building,Glalie,Genderless,46,Naughty,Inner Focus,None,Ice Beam,Crunch,Headbutt,Shadow Ball,6,6,6,6,6,6,0,0,0,0,0,0,Empoleon,Genderless,57,Mild,Torrent,Choice Specs,Surf,Strength,Waterfall,Rock Climb,25,31,31,31,30,31,31,67,40,55,6,104
82,Single,Normal,Building,Mamoswine,Genderless,45,Serious,Oblivious,None,Blizzard,Ice Fang,Rock Slide,Giga Impact,6,6,6,6,6,6,0,0,0,0,0,0,Empoleon,Genderless,57,Mild,Torrent,Choice Specs,Surf,Strength,Waterfall,Rock Climb,25,31,31,31,30,31,33,67,40,55,6,104
82,Single,Normal,Building,Rampardos,Genderless,48,Bold,Mold Breaker,None,Head Smash,Zen Headbutt,AncientPower,Screech,6,6,6,6,6,6,0,0,0,0,0,0,Empoleon,Genderless,57,Mild,Torrent,Choice Specs,Surf,Strength,Waterfall,Rock Climb,25,31,31,31,30,31,33,70,40,55,6,104
82,Single,Normal,Building,Mothim,Genderless,46,Sassy,Swarm,None,Silver Wind,Air Slash,Psychic,Toxic,6,6,6,6,6,6,0,0,0,0,0,0,Empoleon,Genderless,58,Mild,Torrent,Choice Specs,Surf,Strength,Waterfall,Rock Climb,25,31,31,31,30,31,33,72,40,55,6,104
83,Single,Normal,Building,Clefable,Genderless,47,Naughty,Cute Charm,None,Meteor Mash,Reflect,Light Screen,Gravity,6,6,6,6,6,6,0,0,0,0,0,0,Empoleon,Genderless,58,Mild,Torrent,Choice Specs,Surf,Strength,Waterfall,Rock Climb,25,31,31,31,30,31,33,73,40,56,6,104
83,Single,Normal,Building,Torterra,Genderless,48,Lonely,Overgrow,None,Earthquake,Crunch,Leech Seed,Synthesis,6,6,6,6,6,6,0,0,0,0,0,0,Empoleon,Genderless,58,Mild,Torrent,Choice Specs,Surf,Strength,Waterfall,Rock Climb,25,31,31,31,30,31,36,73,40,56,6,104
84,Single,Normal,Building,Machamp,Genderless,48,Serious,Guts,None,Submission,Wake-Up Slap,Cross Chop,Scary Face,3,3,3,3,3,3,0,0,0,0,0,0,Empoleon,Genderless,58,Mild,Torrent,Choice Specs,Surf,Strength,Waterfall,Rock Climb,25,31,31,31,30,31,36,75,41,56,6,104
85,Single,Normal,Building,Chimecho,Genderless,44,Rash,Levitate,None,Psywave,Double-Edge,Heal Bell,Safeguard,0,0,0,0,0,0,0,0,0,0,0,0,Empoleon,Genderless,58,Mild,Torrent,Choice Specs,Surf,Strength,Waterfall,Rock Climb,25,31,31,31,30,31,36,78,41,56,6,104
85,Single,Normal,Building,Absol,Genderless,45,Docile,Pressure,None,Double Team,Slash,Future Sight,Sucker Punch,0,0,0,0,0,0,0,0,0,0,0,0,Empoleon,Genderless,58,Mild,Torrent,Choice Specs,Surf,Strength,Waterfall,Rock Climb,25,31,31,31,30,31,36,78,41,57,7,104
85,Single,Normal,Building,Dusknoir,Genderless,46,Docile,Pressure,None,Curse,Will-O-Wisp,Shadow Punch,Mean Look,0,0,0,0,0,0,0,0,0,0,0,0,Empoleon,Genderless,59,Mild,Torrent,Choice Specs,Surf,Strength,Waterfall,Rock Climb,25,31,31,31,30,31,36,80,41,57,7,104
86,Single,Normal,Building,Altaria,Genderless,45,Calm,Natural Cure,None,Take Down,Natural Gift,DragonBreath,Dragon Dance,6,6,6,6,6,6,0,0,0,0,0,0,Empoleon,Genderless,59,Mild,Torrent,Choice Specs,Surf,Strength,Waterfall,Rock Climb,25,31,31,31,30,31,36,80,42,57,9,104
86,Single,Normal,Building,Gabite,Genderless,47,Lonely,Sand Veil,None,Sand Tomb,Slash,Dragon Claw,Dig,6,6,6,6,6,6,0,0,0,0,0,0,Empoleon,Genderless,59,Mild,Torrent,Choice Specs,Surf,Strength,Waterfall,Rock Climb,25,31,31,31,30,31,36,80,42,57,11,104
87,Single,Normal,Building,Porygon-Z,Genderless,46,Naive,Adaptability,None,Hyper Beam,Signal Beam,Psychic,Thunderbolt,12,12,12,12,12,12,0,0,0,0,0,0,Empoleon,Genderless,59,Mild,Torrent,Choice Specs,Surf,Strength,Waterfall,Rock Climb,25,31,31,31,30,31,36,82,42,57,11,104
87,Single,Normal,Building,Tangrowth,Genderless,46,Hardy,Chlorophyll,None,Power Whip,Mega Drain,Toxic,Slam,12,12,12,12,12,12,0,0,0,0,0,0,Empoleon,Genderless,59,Mild,Torrent,Choice Specs,Surf,Strength,Waterfall,Rock Climb,25,31,31,31,30,31,36,82,42,60,11,104
87,Single,Normal,Building,Empoleon,Genderless,46,Modest,Torrent,None,Brine,Drill Peck,Metal Claw,Growl,12,12,12,12,12,12,0,0,0,0,0,0,Empoleon,Genderless,59,Mild,Torrent,Choice Specs,Surf,Strength,Waterfall,Rock Climb,25,31,31,31,30,31,36,82,44,60,11,104
88,Single,Normal,Building,Gible,Genderless,43,Relaxed,Sand Veil,None,Slash,Dragon Claw,Dig,Dragon Rush,6,6,6,6,6,6,0,0,0,0,0,0,Empoleon,Genderless,60,Mild,Torrent,Choice Specs,Surf,Strength,Waterfall,Rock Climb,25,31,31,31,30,31,36,82,44,63,11,104
88,Single,Normal,Building,Gabite,Genderless,47,Careful,Sand Veil,None,Sand Tomb,Slash,Dragon Claw,Dig,6,6,6,6,6,6,0,0,0,0,0,0,Empoleon,Genderless,60,Mild,Torrent,Choice Specs,Surf,Strength,Waterfall,Rock Climb,25,31,31,31,30,31,36,83,44,63,11,104
88,Single,Normal,Building,Swablu,Genderless,45,Calm,Natural Cure,None,Natural Gift,Mirror Move,Refresh,Dragon Pulse,6,6,6,6,6,6,0,0,0,0,0,0,Empoleon,Genderless,60,Mild,Torrent,Choice Specs,Surf,Strength,Waterfall,Rock Climb,25,31,31,31,30,31,36,85,44,63,11,104
89,Single,Normal,Building,Staraptor,Genderless,48,Relaxed,Intimidate,None,Close Combat,Aerial Ace,Steel Wing,U-turn,24,24,24,24,24,24,0,0,0,0,0,0,Empoleon,Genderless,60,Mild,Torrent,Choice Specs,Surf,Strength,Waterfall,Rock Climb,25,31,31,31,30,31,36,85,44,63,12,104
89,Single,Normal,Building,Torterra,Genderless,51,Modest,Overgrow,None,Leaf Storm,Earthquake,Crunch,Synthesis,24,24,24,24,24,24,0,0,0,0,0,0,Empoleon,Genderless,60,Mild,Torrent,Choice Specs,Surf,Strength,Waterfall,Rock Climb,25,31,31,31,30,31,36,88,44,63,12,104
89,Single,Normal,Building,Heracross,Genderless,48,Docile,Swarm,None,Close Combat,Rock Slide,Night Slash,Aerial Ace,24,24,24,24,24,24,0,0,0,0,0,0,Empoleon,Genderless,60,Mild,Torrent,Choice Specs,Surf,Strength,Waterfall,Rock Climb,25,31,31,31,30,31,36,90,45,63,12,104
89,Single,Normal,Building,Floatzel,Genderless,47,Hardy,Swift Swim,None,Aqua Jet,Crunch,Ice Fang,Brick Break,24,24,24,24,24,24,0,0,0,0,0,0,Empoleon,Genderless,60,Mild,Torrent,Choice Specs,Surf,Strength,Waterfall,Rock Climb,25,31,31,31,30,31,36,92,45,63,12,104
89,Single,Normal,Building,Snorlax,Genderless,49,Rash,Immunity,None,Body Slam,Crunch,Earthquake,Rest,24,24,24,24,24,24,0,0,0,0,0,0,Empoleon,Genderless,61,Mild,Torrent,Choice Specs,Surf,Strength,Waterfall,Rock Climb,25,31,31,31,30,31,36,92,45,63,12,106
89,Single,Normal,Building,Rapidash,Genderless,47,Bold,Run Away,None,Fire Blast,Sunny Day,Bounce,Will-O-Wisp,24,24,24,24,24,24,0,0,0,0,0,0,Empoleon,Genderless,61,Mild,Torrent,Choice Specs,Surf,Strength,Waterfall,Rock Climb,25,31,31,31,30,31,38,92,45,63,12,106
90,Single,Normal,Building,Yanmega,Genderless,49,Rash,Speed Boost,None,Air Slash,Bug Buzz,U-turn,Double Team,30,30,30,30,30,30,0,0,0,0,0,0,Empoleon,Genderless,61,Mild,Torrent,Choice Specs,Surf,Strength,Waterfall,Rock Climb,25,31,31,31,30,31,38,92,45,63,12,108
90,Single,Normal,Building,Heracross,Genderless,51,Naughty,Swarm,None,Megahorn,Close Combat,Night Slash,Stone Edge,30,30,30,30,30,30,0,0,0,0,0,0,Empoleon,Genderless,61,Mild,Torrent,Choice Specs,Surf,Strength,Waterfall,Rock Climb,25,31,31,31,30,31,38,94,45,63,12,108
90,Single,Normal,Building,Vespiquen,Genderless,50,Careful,Pressure,None,Attack Order,Defend Order,Heal Order,Power Gem,30,30,30,30,30,30,0,0,0,0,0,0,Empoleon,Genderless,61,Mild,Torrent,Choice Specs,Surf,Strength,Waterfall,Rock Climb,25,31,31,31,30,31,38,96,45,63,12,108
90,Single,Normal,Building,Scizor,Genderless,49,Gentle,Swarm,None,Iron Head,X-Scissor,Night Slash,Quick Attack,30,30,30,30,30,30,0,0,0,0,0,0,Empoleon,Genderless,61,Mild,Torrent,Choice Specs,Surf,Strength,Waterfall,Rock Climb,25,31,31,31,30,31,38,96,46,63,13,108
90,Single,Normal,Building,Drapion,Genderless,53,Jolly,Battle Armor,None,X-Scissor,Cross Poison,Ice Fang,Aerial Ace,30,30,30,30,30,30,0,0,0,0,0,0,Empoleon,Genderless,62,Mild,Torrent,Choice Specs,Surf,Strength,Waterfall,Rock Climb,25,31,31,31,30,31,38,98,46,63,13,108
91,Single,Normal,Building,Whiscash,Genderless,50,Mild,Oblivious,None,Earth Power,Aqua Tail,Zen Headbutt,Sandstorm,30,30,30,30,30,30,0,0,0,0,0,0,Empoleon,Genderless,62,Mild,Torrent,Choice Specs,Surf,Strength,Waterfall,Rock Climb,25,31,31,31,30,31,38,98,48,63,13,108
91,Single,Normal,Building,Hippowdon,Genderless,52,Quirky,Sand Stream,None,Earthquake,Stone Edge,Crunch,Yawn,30,30,30,30,30,30,0,0,0,0,0,0,Empoleon,Genderless,62,Mild,Torrent,Choice Specs,Surf,Strength,Waterfall,Rock Climb,25,31,31,31,30,31,40,98,48,63,13,108
91,Single,Normal,Building,Gliscor,Genderless,53,Serious,Hyper Cutter,None,Earthquake,Ice Fang,Fire Fang,Thunder Fang,30,30,30,30,30,30,0,0,0,0,0,0,Empoleon,Genderless,62,Mild,Torrent,Choice Specs,Surf,Strength,Waterfall,Rock Climb,25,31,31,31,30,31,40,98,50,63,13,108
91,Single,Normal,Building,Golem,Genderless,52,Docile,Rock Head,None,Earthquake,Fire Punch,ThunderPunch,Sandstorm,30,30,30,30,30,30,0,0,0,0,0,0,Empoleon,Genderless,62,Mild,Torrent,Choice Specs,Surf,Strength,Waterfall,Rock Climb,25,31,31,31,30,31,40,98,52,63,13,108
91,Single,Normal,Building,Rhyperior,Genderless,55,Naughty,Lightning Rod,None,Earthquake,Rock Wrecker,Megahorn,Avalanche,30,30,30,30,30,30,0,0,0,0,0,0,Empoleon,Genderless,62,Mild,Torrent,Choice Specs,Surf,Strength,Waterfall,Rock Climb,25,31,31,31,30,31,40,98,55,63,13,108
92,Single,Normal,Building,Houndoom,Genderless,52,Relaxed,Early Bird,None,Flamethrower,Sludge Bomb,Dark Pulse,Sunny Day,30,30,30,30,30,30,0,0,0,0,0,0,Empoleon,Genderless,63,Mild,Torrent,Choice Specs,Surf,Strength,Waterfall,Rock Climb,25,31,31,31,30,31,40,101,55,63,13,108
92,Single,Normal,Building,Infernape,Genderless,55,Bold,Blaze,None,Flare Blitz,ThunderPunch,Mach Punch,Earthquake,30,30,30,30,30,30,0,0,0,0,0,0,Empoleon,Genderless,63,Mild,Torrent,Choice Specs,Surf,Strength,Waterfall,Rock Climb,25,31,31,31,30,31,40,101,55,65,13,108
92,Single,Normal,Building,Magmortar,Genderless,57,Gentle,Flame Body,Sitrus Berry,Flamethrower,Thunderbolt,SolarBeam,Hyper Beam,30,30,30,30,30,30,0,0,0,0,0,0,Empoleon,Genderless,63,Mild,Torrent,Choice Specs,Surf,Strength,Waterfall,Rock Climb,25,31,31,31,30,31,40,102,55,66,13,109
92,Single,Normal,Building,Flareon,Genderless,55,Quirky,Flash Fire,None,Overheat,Giga Impact,Quick Attack,Will-O-Wisp,30,30,30,30,30,30,0,0,0,0,0,0,Empoleon,Genderless,63,Mild,Torrent,Choice Specs,Surf,Strength,Waterfall,Rock Climb,25,31,31,31,30,31,40,102,55,69,13,109
92,Single,Normal,Building,Rapidash,Genderless,53,Docile,Run Away,None,Flare Blitz,SolarBeam,Bounce,Sunny Day,30,30,30,30,30,30,0,0,0,0,0,0,Empoleon,Genderless,63,Mild,Torrent,Choice Specs,Surf,Strength,Waterfall,Rock Climb,25,31,31,31,30,31,40,104,55,69,13,109
93,Single,Normal,Building,MrMime,Genderless,53,Hasty,Soundproof,None,Psychic,Thunderbolt,Reflect,Light Screen,30,30,30,30,30,30,0,0,0,0,0,0,Empoleon,Genderless,64,Mild,Torrent,Choice Specs,Surf,Strength,Waterfall,Rock Climb,25,31,31,31,30,31,40,104,55,69,13,111
93,Single,Normal,Building,Gallade,Genderless,59,Careful,Steadfast,Sitrus Berry,Drain Punch,Psycho Cut,Leaf Blade,Stone Edge,30,30,30,30,30,30,0,0,0,0,0,0,Empoleon,Genderless,64,Mild,Torrent,Choice Specs,Surf,Strength,Waterfall,Rock Climb,25,31,31,31,30,31,40,104,55,69,15,111
93,Single,Normal,Building,Alakazam,Genderless,56,Hardy,Synchronize,None,Psychic,Energy Ball,Focus Blast,Recover,30,30,30,30,30,30,0,0,0,0,0,0,Empoleon,Genderless,64,Mild,Torrent,Choice Specs,Surf,Strength,Waterfall,Rock Climb,25,31,31,31,30,31,40,107,55,69,15,111
93,Single,Normal,Building,Bronzong,Genderless,54,Naive,Levitate,None,Psychic,Gyro Ball,Earthquake,Calm Mind,30,30,30,30,30,30,0,0,0,0,0,0,Empoleon,Genderless,64,Mild,Torrent,Choice Specs,Surf,Strength,Waterfall,Rock Climb,25,31,31,31,30,31,40,107,55,72,15,111
93,Single,Normal,Building,Espeon,Genderless,55,Hardy,Synchronize,None,Psychic,Shadow Ball,Quick Attack,Signal Beam,30,30,30,30,30,30,0,0,0,0,0,0,Empoleon,Genderless,64,Mild,Torrent,Choice Specs,Surf,Strength,Waterfall,Rock Climb,25,31,31,31,30,31,40,107,56,72,16,111
94,Single,Normal,Building,Spiritomb,Genderless,58,Timid,Pressure,None,Dark Pulse,Psychic,Silver Wind,Shadow Ball,30,30,30,30,30,30,0,0,0,0,0,0,Empoleon,Genderless,64,Mild,Torrent,Choice Specs,Surf,Strength,Waterfall,Rock Climb,25,31,31,31,30,31,40,107,56,74,16,111
94,Single,Normal,Building,Garchomp,Genderless,62,Quirky,Sand Veil,Sitrus Berry,Dragon Rush,Earthquake,Flamethrower,Giga Impact,30,30,30,30,30,30,0,0,0,0,0,0,Empoleon,Genderless,65,Mild,Torrent,Choice Specs,Surf,Strength,Waterfall,Rock Climb,25,31,31,31,30,31,40,107,57,74,17,111
94,Single,Normal,Building,Lucario,Genderless,60,Careful,Steadfast,None,Aura Sphere,ExtremeSpeed,Shadow Ball,Stone Edge,30,30,30,30,30,30,0,0,0,0,0,0,Empoleon,Genderless,65,Mild,Torrent,Choice Specs,Surf,Strength,Waterfall,Rock Climb,25,31,31,31,30,31,40,110,57,74,17,111
94,Single,Normal,Building,Togekiss,Genderless,60,Hardy,Hustle,None,Air Slash,Aura Sphere,Water Pulse,Shock Wave,30,30,30,30,30,30,0,0,0,0,0,0,Empoleon,Genderless,65,Mild,Torrent,Choice Specs,Surf,Strength,Waterfall,Rock Climb,25,31,31,31,30,31,40,111,57,75,17,111
94,Single,Normal,Building,Roserade,Genderless,58,Mild,Natural Cure,None,Energy Ball,Sludge Bomb,Toxic,Extrasensory,30,30,30,30,30,30,0,0,0,0,0,0,Empoleon,Genderless,65,Mild,Torrent,Choice Specs,Surf,Strength,Waterfall,Rock Climb,25,31,31,31,30,31,40,111,57,77,18,111
94,Single,Normal,Building,Milotic,Genderless,58,Docile,Marvel Scale,None,Surf,Ice Beam,Mirror Coat,Dragon Pulse,30,30,30,30,30,30,0,0,0,0,0,0,Empoleon,Genderless,65,Mild,Torrent,Choice Specs,Surf,Strength,Waterfall,Rock Climb,25,31,31,31,30,31,40,111,57,80,18,111
