1,TURTWIG,Pound,None,Normal,4-4-4-4-4-4-4-4-4-4-4-4-4-4-4-5
1,TURTWIG,Growl,None,Normal,0
2,STARLY,Pound,None,Normal,5-5-5-5-5-5-5-5-5-5-5-5-5-5-5-6
2,STARLY,Growl,None,Normal,0
3,BIDOOF,Pound,None,Normal,5-5-5-5-5-5-5-5-5-5-5-5-5-5-5-6
3,BIDOOF,Growl,None,Normal,0
4,BURMY,Pound,None,Normal,6-6-6-7-7-7-7-7-7-7-7-7-7-7-7-8
4,BURMY,Growl,None,Normal,0
4,BURMY,Bubble,None,Normal,7-7-7-7-7-7-7-7-7-7-7-7-7-7-7-9
5,STARLY,Pound,None,Normal,6-6-6-7-7-7-7-7-7-7-7-7-7-7-7-8
5,STARLY,Growl,None,Normal,0
5,STARLY,Bubble,None,Normal,7-7-7-7-7-7-7-7-7-7-7-7-7-7-7-9
5,TURTWIG,Pound,None,Normal,5-5-5-5-5-5-5-5-5-5-5-5-5-5-5-6
5,TURTWIG,Growl,None,Normal,0
5,TURTWIG,Bubble,None,Normal,2-2-2-2-2-2-2-2-2-2-2-2-2-2-2-3
6,GEODUDE,Pound,None,Normal,2-2-2-2-2-2-2-2-2-2-2-2-2-2-2-2
6,GEODUDE,Growl,None,Normal,0
6,GEODUDE,Bubble,None,Normal,30-36-36-36-36-36-36-36-36-36-36-36-36-36-36-42
7,GEODUDE,Pound,None,Normal,2-2-2-2-2-2-2-2-2-2-2-2-2-2-2-2
7,GEODUDE,Growl,None,Normal,0
7,GEODUDE,Bubble,None,Normal,30-30-30-30-30-30-30-30-30-30-30-30-30-30-30-36
8,GEODUDE,Pound,None,Normal,2-2-2-2-2-2-2-2-2-2-2-2-2-2-2-2
8,GEODUDE,Growl,None,Normal,0
8,GEODUDE,Bubble,None,Normal,30-36-36-36-36-36-36-36-36-36-36-36-36-36-36-42
8,GEODUDE,Water Sport,None,Normal,0
8,ONIX,Pound,None,Normal,1-1-1-1-1-1-1-1-1-1-1-1-1-1-1-2
8,ONIX,Growl,None,Normal,0
8,ONIX,Bubble,None,Normal,30-30-30-30-30-30-30-30-30-30-30-30-30-30-30-36
8,ONIX,Water Sport,None,Normal,0
9,GEODUDE,Pound,None,Normal,2-2-2-2-2-2-2-2-2-2-2-2-2-2-2-2
9,GEODUDE,Growl,None,Normal,0
9,GEODUDE,Bubble,None,Normal,36-36-36-42-42-42-42-42-42-42-42-42-42-42-42-48
9,GEODUDE,Water Sport,None,Normal,0
9,ONIX,Pound,None,Normal,1-1-1-1-1-1-1-1-1-1-1-1-1-1-1-2
9,ONIX,Growl,None,Normal,0
9,ONIX,Bubble,None,Normal,30-30-30-30-30-30-30-30-30-30-30-30-30-30-30-36
9,ONIX,Water Sport,None,Normal,0
9,CRANIDOS,Pound,None,Normal,3-3-3-3-4-4-4-4-4-4-4-4-4-4-4-4
9,CRANIDOS,Growl,None,Normal,0
9,CRANIDOS,Bubble,None,Normal,15-18-18-18-18-18-18-18-18-18-18-18-18-18-18-21
9,CRANIDOS,Water Sport,None,Normal,0
10,GLAMEOW,Pound,None,Normal,9-9-9-9-9-9-10-10-10-10-10-10-10-10-10-11
10,GLAMEOW,Growl,None,Normal,0
10,GLAMEOW,Bubble,None,Normal,10-10-10-10-12-12-12-12-12-12-12-12-12-12-12-13
10,GLAMEOW,Water Sport,None,Normal,0
10,STUNKY,Pound,None,Normal,10-10-10-10-10-10-10-11-11-11-11-11-11-11-11-12
10,STUNKY,Growl,None,Normal,0
10,STUNKY,Bubble,None,Normal,9-9-9-10-10-10-10-10-10-10-10-10-10-10-10-12
10,STUNKY,Water Sport,None,Normal,0
11,STUNKY,Pound,None,Normal,10-10-10-10-10-10-10-11-11-11-11-11-11-11-11-12
11,STUNKY,Pluck,None,Normal,14-14-14-14-15-15-15-15-15-15-16-16-16-16-16-17
11,STUNKY,Bubble,None,Normal,9-9-9-10-10-10-10-10-10-10-10-10-10-10-10-12
11,STUNKY,Water Sport,None,Normal,0
12,ZUBAT,Pound,None,Normal,17-18-18-18-18-18-19-19-19-19-19-20-20-20-20-21
12,ZUBAT,Pluck,None,Normal,26-26-26-27-27-27-28-28-28-29-29-29-30-30-30-31
12,ZUBAT,Bubble,None,Normal,12-12-12-12-12-13-13-13-13-13-13-13-13-13-13-15
12,ZUBAT,Water Sport,None,Normal,0
12,ZUBAT,Pound,None,Normal,17-18-18-18-18-18-19-19-19-19-19-20-20-20-20-21
12,ZUBAT,Pluck,None,Normal,26-26-26-27-27-27-28-28-28-29-29-29-30-30-30-31
12,ZUBAT,Bubble,None,Normal,12-12-12-12-12-13-13-13-13-13-13-13-13-13-13-15
12,ZUBAT,Water Sport,None,Normal,0
13,GLAMEOW,Pound,None,Normal,11-11-11-11-11-11-11-11-12-12-12-12-12-12-12-13
13,GLAMEOW,Pluck,None,Normal,16-16-16-16-16-17-17-17-17-17-18-18-18-18-18-19
13,GLAMEOW,Bubble,None,Normal,13-13-13-13-13-13-15-15-15-15-15-15-15-15-15-16
13,GLAMEOW,Water Sport,None,Normal,0
14,ZUBAT,Pound,None,Normal,11-11-11-11-11-11-11-11-12-12-12-12-12-12-12-13
14,ZUBAT,Pluck,None,Normal,15-15-15-15-16-16-16-16-16-16-17-17-17-17-17-18
14,ZUBAT,Bubble,None,Normal,9-9-9-10-10-10-10-10-10-10-10-10-10-10-10-12
14,ZUBAT,Water Sport,None,Normal,0
14,PURUGLY,Pound,None,Normal,7-7-7-7-8-8-8-8-8-8-8-8-8-8-8-9
14,PURUGLY,Pluck,None,Normal,10-10-10-10-10-10-10-11-11-11-11-11-11-11-11-12
14,PURUGLY,Bubble,None,Normal,7-7-7-7-7-7-7-7-7-7-7-7-7-7-7-9
14,PURUGLY,Water Sport,None,Normal,0
15,GEODUDE,Pound,None,Normal,4-4-4-4-4-4-5-5-5-5-5-5-5-5-5-5
15,GEODUDE,Pluck,None,Normal,6-6-6-7-7-7-7-7-7-7-7-7-7-7-7-8
15,GEODUDE,Bubble,None,Normal,72-72-78-78-78-78-78-78-78-84-84-84-84-84-84-90
15,GEODUDE,Water Sport,None,Normal,0
15,GEODUDE,Pound,None,Normal,4-4-4-4-4-4-4-4-4-4-4-4-4-4-4-5
15,GEODUDE,Pluck,None,Normal,5-6-6-6-6-6-6-6-6-6-6-6-6-6-6-7
15,GEODUDE,Bubble,None,Normal,72-72-78-78-78-78-78-78-78-84-84-84-84-84-84-90
15,GEODUDE,Water Sport,None,Normal,0
15,GEODUDE,Pound,None,Normal,4-4-4-4-4-4-4-4-4-4-4-4-4-4-4-5
15,GEODUDE,Pluck,None,Normal,5-6-6-6-6-6-6-6-6-6-6-6-6-6-6-7
15,GEODUDE,Bubble,None,Normal,66-66-66-66-66-66-66-66-72-72-72-72-72-72-72-78
15,GEODUDE,Water Sport,None,Normal,0
16,ONIX,Pound,None,Normal,2-2-2-2-2-2-2-2-2-2-2-2-2-2-2-3
16,ONIX,Pluck,None,Normal,3-3-3-3-4-4-4-4-4-4-4-4-4-4-4-4
16,ONIX,Bubble,None,Normal,48-48-48-48-48-54-54-54-54-54-54-54-54-54-54-60
16,ONIX,Water Sport,None,Normal,0
17,PACHIRISU,BubbleBeam,None,Normal,21-21-21-21-22-22-22-22-22-22-24-24-24-24-24-25
17,PACHIRISU,Pluck,None,Normal,6-6-6-7-7-7-7-7-7-7-7-7-7-7-7-8
17,PACHIRISU,Bubble,None,Normal,7-7-7-7-7-7-7-7-7-7-7-7-7-7-7-9
17,PACHIRISU,Water Sport,None,Normal,0
17,WURMPLE,BubbleBeam,None,Normal,61-63-63-64-64-66-66-67-67-69-69-70-70-72-72-73
17,WURMPLE,Pluck,None,Normal,56-56-56-58-58-58-60-60-60-62-62-62-64-64-64-66
17,WURMPLE,Bubble,None,Normal,19-19-19-21-21-21-21-21-21-22-22-22-22-22-22-24
17,WURMPLE,Water Sport,None,Normal,0
17,SILCOON,BubbleBeam,None,Normal,57-57-58-58-60-60-60-61-61-63-63-64-64-66-66-67
17,SILCOON,Pluck,None,Normal,34-36-36-36-36-36-38-38-38-38-38-40-40-40-40-42
17,SILCOON,Bubble,None,Normal,18-18-19-19-19-19-19-19-19-21-21-21-21-21-21-22
17,SILCOON,Water Sport,None,Normal,0
17,BEAUTIFLY,BubbleBeam,None,Normal,34-36-36-36-36-37-37-37-39-39-39-39-40-40-40-42
17,BEAUTIFLY,Pluck,None,Normal,34-34-34-34-34-36-36-36-36-36-38-38-38-38-38-40
17,BEAUTIFLY,Bubble,None,Normal,12-12-12-12-12-13-13-13-13-13-13-13-13-13-13-15
17,BEAUTIFLY,Water Sport,None,Normal,0
19,ABRA,BubbleBeam,None,Normal,31-31-31-33-33-33-33-34-34-34-34-36-36-36-36-37
19,ABRA,Pluck,None,Normal,43-43-44-44-45-45-46-46-47-47-48-48-49-49-50-51
19,ABRA,Bubble,None,Normal,10-10-10-10-12-12-12-12-12-12-12-12-12-12-12-13
19,ABRA,Water Sport,None,Normal,0
18,ABRA,BubbleBeam,None,Normal,33-34-34-34-36-36-36-36-37-37-37-37-39-39-39-40
18,ABRA,Pluck,None,Normal,39-39-40-40-40-41-41-42-42-43-43-44-44-45-45-46
18,ABRA,Bubble,None,Normal,10-10-10-10-12-12-12-12-12-12-12-12-12-12-12-13
18,ABRA,Water Sport,None,Normal,0
20,CHERUBI,BubbleBeam,None,Normal,18-18-18-18-18-19-19-19-19-20-20-20-21-21-21-21
20,CHERUBI,Pluck,None,Normal,46-48-48-48-48-50-50-50-52-52-52-52-54-54-54-56
20,CHERUBI,Bubble,None,Normal,6-6-6-6-6-6-6-6-6-6-6-6-6-6-6-7
20,CHERUBI,Water Sport,None,Normal,0
20,ROSELIA,BubbleBeam,None,Normal,12-12-12-12-12-13-13-13-13-13-14-14-14-14-14-15
20,ROSELIA,Pluck,None,Normal,42-42-42-44-44-44-44-46-46-46-46-48-48-48-48-50
20,ROSELIA,Bubble,None,Normal,3-4-4-4-4-4-4-4-4-4-4-4-4-4-4-5
20,ROSELIA,Water Sport,None,Normal,0
21,BUDEW,BubbleBeam,None,Normal,18-18-18-18-18-19-19-19-19-20-20-20-21-21-21-21
21,BUDEW,Pluck,None,Normal,56-56-56-58-58-58-60-60-60-62-62-62-64-64-64-66
21,BUDEW,Bubble,None,Normal,6-6-6-6-6-6-6-6-6-6-6-6-6-6-6-7
21,BUDEW,Water Sport,None,Normal,0
21,BUDEW,BubbleBeam,None,Normal,15-15-15-16-16-16-16-17-17-17-17-18-18-18-18-18
21,BUDEW,Pluck,None,Normal,52-52-52-54-54-54-56-56-56-58-58-58-60-60-60-62
21,BUDEW,Bubble,None,Normal,5-5-5-5-6-6-6-6-6-6-6-6-6-6-6-6
21,BUDEW,Water Sport,None,Normal,0
21,BUDEW,BubbleBeam,None,Normal,15-15-15-15-15-15-15-16-16-16-16-17-17-17-17-18
21,BUDEW,Pluck,None,Normal,50-50-52-52-52-54-54-54-54-56-56-56-58-58-58-60
21,BUDEW,Bubble,None,Normal,5-5-5-5-6-6-6-6-6-6-6-6-6-6-6-6
21,BUDEW,Water Sport,None,Normal,0
22,ROSELIA,BubbleBeam,None,Normal,12-12-12-12-12-13-13-13-13-13-14-14-14-14-14-15
22,ROSELIA,Pluck,None,Normal,44-46-46-46-48-48-48-48-50-50-50-50-52-52-52-54
22,ROSELIA,Bubble,None,Normal,3-4-4-4-4-4-4-4-4-4-4-4-4-4-4-5
22,ROSELIA,Water Sport,None,Normal,0
23,TURTWIG,BubbleBeam,None,Normal,16-16-16-16-17-17-17-17-18-18-18-18-18-18-18-19
23,TURTWIG,Pluck,None,Normal,28-28-28-28-30-30-30-30-30-30-32-32-32-32-32-34
23,TURTWIG,Bubble,None,Normal,5-5-5-5-6-6-6-6-6-6-6-6-6-6-6-6
23,TURTWIG,Water Sport,None,Normal,0
23,CHERRIM,BubbleBeam,None,Normal,15-15-15-16-16-16-16-17-17-17-17-18-18-18-18-18
23,CHERRIM,Pluck,None,Normal,26-26-26-28-28-28-28-28-28-30-30-30-30-30-30-32
23,CHERRIM,Bubble,None,Normal,5-5-5-5-6-6-6-6-6-6-6-6-6-6-6-6
23,CHERRIM,Water Sport,None,Normal,0
23,ROSERADE,BubbleBeam,None,Normal,12-12-12-12-12-12-12-12-12-12-13-13-13-13-13-14
23,ROSERADE,Pluck,None,Normal,34-34-34-34-34-36-36-36-36-36-38-38-38-38-38-40
23,ROSERADE,Bubble,None,Normal,3-4-4-4-4-4-4-4-4-4-4-4-4-4-4-5
23,ROSERADE,Water Sport,None,Normal,0
24,ZUBAT,BubbleBeam,None,Normal,43-45-45-45-46-46-46-48-48-48-49-49-49-51-51-52
24,ZUBAT,Pluck,None,Normal,23-24-24-24-24-25-25-25-26-26-26-26-27-27-27-28
24,ZUBAT,Grass Knot,None,Normal,2-2-2-2-2-2-2-2-2-2-2-2-2-2-2-3
24,ZUBAT,Water Sport,None,Normal,0
24,SKUNTANK,BubbleBeam,None,Normal,31-31-31-33-33-33-33-34-34-34-34-36-36-36-36-37
24,SKUNTANK,Pluck,None,Normal,14-14-14-14-15-15-15-15-15-15-16-16-16-16-16-17
24,SKUNTANK,Grass Knot,None,Normal,9-9-10-10-10-10-10-10-10-10-10-11-11-11-11-11
24,SKUNTANK,Water Sport,None,Normal,0
25,NOSEPASS,BubbleBeam,None,Normal,45-45-45-45-48-48-48-48-48-48-51-51-51-51-51-54
25,NOSEPASS,Pluck,None,Normal,4-4-4-4-4-4-5-5-5-5-5-5-5-5-5-5
25,NOSEPASS,Grass Knot,None,Normal,36-36-38-38-38-38-40-40-40-40-40-42-42-42-42-44
25,NOSEPASS,Water Sport,None,Normal,0
26,DUSKULL,BubbleBeam,None,Normal,25-25-25-25-25-27-27-27-27-27-28-28-28-28-28-30
26,DUSKULL,Pluck,None,Normal,13-13-13-14-14-14-14-14-14-15-15-15-15-15-15-16
26,DUSKULL,Grass Knot,None,Normal,11-11-11-11-11-11-11-11-12-12-12-12-12-12-12-13
26,DUSKULL,Water Sport,None,Normal,0
26,MISMAGIUS,BubbleBeam,None,Normal,19-19-19-21-21-21-21-21-21-22-22-22-22-22-22-24
26,MISMAGIUS,Pluck,None,Normal,14-14-14-14-15-15-15-15-15-15-16-16-16-16-16-17
26,MISMAGIUS,Grass Knot,None,Normal,5-5-5-5-5-5-5-5-5-5-5-5-5-5-5-6
26,MISMAGIUS,Water Sport,None,Normal,0
26,HAUNTER,BubbleBeam,None,Normal,36-36-37-37-37-39-39-39-39-40-40-40-42-42-42-43
26,HAUNTER,Pluck,None,Normal,21-21-21-22-22-22-22-23-23-23-23-24-24-24-24-25
26,HAUNTER,Grass Knot,None,Normal,4-4-4-4-4-4-4-4-4-4-4-4-4-4-4-5
26,HAUNTER,Water Sport,None,Normal,0
27,STARAVIA,BubbleBeam,None,Normal,48-48-49-49-49-51-51-51-52-52-54-54-54-55-55-57
27,STARAVIA,Pluck,None,Normal,19-19-20-20-20-20-20-21-21-21-21-22-22-22-22-23
27,STARAVIA,Grass Knot,None,Normal,10-10-10-10-10-10-10-11-11-11-11-11-11-11-11-12
27,STARAVIA,Water Sport,None,Normal,0
27,GROTLE,BubbleBeam,None,Normal,17-18-18-18-18-18-18-18-19-19-19-19-20-20-20-21
27,GROTLE,Pluck,None,Normal,24-24-26-26-26-26-26-26-26-28-28-28-28-28-28-30
27,GROTLE,Grass Knot,None,Normal,14-14-14-14-15-15-15-15-15-15-16-16-16-16-16-17
27,GROTLE,Water Sport,None,Normal,0
27,BUIZEL,BubbleBeam,None,Normal,32-32-33-33-33-33-34-34-35-35-36-36-36-36-37-38
27,BUIZEL,Pluck,None,Normal,26-26-26-27-27-27-28-28-28-29-29-29-30-30-30-31
27,BUIZEL,Grass Knot,None,Normal,78-80-80-82-82-84-84-86-86-88-88-90-90-92-92-94
27,BUIZEL,Water Sport,None,Normal,0
27,PONYTA,BubbleBeam,None,Normal,81-81-81-84-84-84-87-87-87-90-90-90-93-93-93-96
27,PONYTA,Pluck,None,Normal,20-20-20-21-21-21-21-22-22-22-22-23-23-23-23-24
27,PONYTA,Grass Knot,None,Normal,12-12-13-13-13-13-13-13-13-14-14-14-14-14-14-15
27,PONYTA,Water Sport,None,Normal,0
28,BRONZOR,BubbleBeam,None,Rain Dance,27-27-28-28-28-28-30-30-30-30-30-31-31-31-31-33
28,BRONZOR,Pluck,None,Rain Dance,7-7-7-7-8-8-8-8-8-8-8-8-8-8-8-9
28,BRONZOR,Grass Knot,None,Rain Dance,11-11-11-11-12-12-12-12-12-12-12-12-13-13-13-13
28,BRONZOR,Water Sport,None,Rain Dance,0
28,SHIELDON,BubbleBeam,None,Rain Dance,60-60-60-63-63-63-63-66-66-66-66-69-69-69-69-72
28,SHIELDON,Pluck,None,Rain Dance,3-3-3-3-3-3-3-3-3-3-3-3-3-3-3-3
28,SHIELDON,Grass Knot,None,Rain Dance,25-25-26-26-26-27-27-27-27-28-28-28-29-29-29-30
28,SHIELDON,Water Sport,None,Rain Dance,0
29,ROSELIA,BubbleBeam,None,Rain Dance,16-17-17-17-18-18-18-18-18-18-18-18-19-19-19-20
29,ROSELIA,Pluck,None,Rain Dance,48-48-50-50-50-52-52-52-52-54-54-54-56-56-56-58
29,ROSELIA,Grass Knot,None,Rain Dance,1-1-1-1-2-2-2-2-2-2-2-2-2-2-2-2
29,ROSELIA,Water Sport,None,Rain Dance,0
29,RALTS,BubbleBeam,None,Rain Dance,63-64-64-66-66-67-67-69-69-70-70-72-72-73-73-75
29,RALTS,Pluck,None,Rain Dance,38-38-39-39-40-40-40-41-41-42-42-43-43-44-44-45
29,RALTS,Grass Knot,None,Rain Dance,13-13-13-14-14-14-14-14-14-15-15-15-15-15-15-16
29,RALTS,Water Sport,None,Rain Dance,0
29,LICKITUNG,BubbleBeam,None,Rain Dance,33-34-34-34-36-36-36-36-37-37-37-37-39-39-39-40
29,LICKITUNG,Pluck,None,Rain Dance,16-16-16-16-16-17-17-17-17-17-18-18-18-18-18-19
29,LICKITUNG,Grass Knot,None,Rain Dance,28-28-28-29-29-29-30-30-30-31-31-31-32-32-32-33
29,LICKITUNG,Water Sport,None,Rain Dance,0
30,GLIGAR,BubbleBeam,None,Rain Dance,84-84-84-87-87-87-90-90-90-93-93-93-96-96-96-99
30,GLIGAR,Pluck,None,Rain Dance,12-12-13-13-13-13-13-13-13-14-14-14-14-14-14-15
30,GLIGAR,Grass Knot,None,Rain Dance,34-34-34-35-35-36-36-36-37-37-38-38-38-39-39-40
30,GLIGAR,Water Sport,None,Rain Dance,0
30,BUIZEL,BubbleBeam,None,Rain Dance,41-41-42-42-42-43-44-44-45-45-45-46-47-47-48-48
30,BUIZEL,Pluck,None,Rain Dance,31-31-32-32-32-33-33-34-34-34-35-35-35-36-36-37
30,BUIZEL,Grass Knot,None,Rain Dance,102-102-104-104-106-108-108-110-110-112-114-114-116-116-118-120
30,BUIZEL,Water Sport,None,Rain Dance,0
30,DRIFBLIM,BubbleBeam,None,Rain Dance,45-45-46-46-48-48-48-49-49-49-51-51-51-52-52-54
30,DRIFBLIM,Pluck,None,Rain Dance,24-24-25-25-25-26-26-26-26-27-27-27-28-28-28-29
30,DRIFBLIM,Grass Knot,None,Rain Dance,9-9-10-10-10-10-10-10-10-10-10-11-11-11-11-11
30,DRIFBLIM,Water Sport,None,Rain Dance,0
31,CROAGUNK,BubbleBeam,None,Normal,58-58-60-60-60-61-61-63-63-64-64-66-66-67-67-69
31,CROAGUNK,Pluck,None,Normal,56-56-56-58-58-58-60-60-60-62-62-62-64-64-64-66
31,CROAGUNK,Grass Knot,None,Normal,12-12-12-12-12-13-13-13-13-13-13-13-14-14-14-14
31,CROAGUNK,Water Sport,None,Normal,0
31,MACHOKE,BubbleBeam,None,Normal,45-45-46-46-48-48-48-49-49-49-51-51-51-52-52-54
31,MACHOKE,Pluck,None,Normal,34-36-36-36-36-36-38-38-38-38-38-40-40-40-40-42
31,MACHOKE,Grass Knot,None,Normal,37-37-38-38-39-39-40-40-40-41-41-42-42-43-43-44
31,MACHOKE,Water Sport,None,Normal,0
32,MEDITITE,BubbleBeam,None,Normal,40-40-40-42-42-42-43-43-43-45-45-45-46-46-46-48
32,MEDITITE,Pluck,None,Normal,38-38-40-40-40-40-40-42-42-42-42-44-44-44-44-46
32,MEDITITE,Grass Knot,None,Normal,17-17-17-17-17-18-18-18-18-18-19-19-19-19-19-20
32,MEDITITE,Water Sport,None,Normal,0
32,LUCARIO,BubbleBeam,None,Normal,30-30-30-31-31-31-31-33-33-33-33-34-34-34-34-36
32,LUCARIO,Pluck,None,Normal,16-16-16-16-16-17-17-17-17-17-18-18-18-18-18-19
32,LUCARIO,Grass Knot,None,Normal,12-12-12-12-12-13-13-13-13-13-13-13-14-14-14-14
32,LUCARIO,Water Sport,None,Normal,0
32,MACHOKE,BubbleBeam,None,Normal,42-42-42-43-43-43-45-45-45-46-46-46-48-48-48-49
32,MACHOKE,Pluck,None,Normal,34-34-34-34-34-36-36-36-36-36-38-38-38-38-38-40
32,MACHOKE,Grass Knot,None,Normal,34-35-35-36-36-36-37-37-38-38-38-39-39-40-40-41
32,MACHOKE,Water Sport,None,Normal,0
33,ZUBAT,BubbleBeam,None,Normal,66-66-67-67-69-69-70-70-72-72-73-73-75-75-76-78
33,ZUBAT,Pluck,None,Normal,37-37-38-38-39-39-40-40-40-41-41-42-42-43-43-44
33,ZUBAT,Grass Knot,None,Normal,3-3-3-3-3-3-3-3-3-3-4-4-4-4-4-4
33,ZUBAT,Water Sport,None,Normal,0
33,CROAGUNK,BubbleBeam,None,Normal,66-66-67-67-69-69-70-70-72-72-73-73-75-75-76-78
33,CROAGUNK,Pluck,None,Normal,70-72-72-72-74-74-76-76-78-78-78-80-80-82-82-84
33,CROAGUNK,Grass Knot,None,Normal,14-14-14-14-14-14-15-15-15-15-15-15-16-16-16-16
33,CROAGUNK,Water Sport,None,Normal,0
33,ZUBAT,BubbleBeam,None,Normal,70-72-72-73-73-75-75-76-78-78-79-79-81-81-82-84
33,ZUBAT,Pluck,None,Normal,37-37-38-38-39-39-40-40-40-41-41-42-42-43-43-44
33,ZUBAT,Grass Knot,None,Normal,3-3-3-3-4-4-4-4-4-4-4-4-4-4-4-4
33,ZUBAT,Water Sport,None,Normal,0
33,STUNKY,BubbleBeam,None,Normal,63-64-64-66-66-67-67-69-69-70-70-72-72-73-73-75
33,STUNKY,Pluck,None,Normal,28-28-28-29-29-29-30-30-30-31-31-31-32-32-32-33
33,STUNKY,Grass Knot,None,Normal,13-13-13-13-13-13-14-14-14-14-14-14-15-15-15-15
33,STUNKY,Water Sport,None,Normal,0
34,CHINGLING,BubbleBeam,None,Normal,87-88-90-90-91-93-93-94-96-96-97-99-99-100-102-103
34,CHINGLING,Pluck,None,Normal,35-36-36-36-37-37-38-38-39-39-39-40-40-41-41-42
34,CHINGLING,Grass Knot,None,Normal,18-18-19-19-19-19-20-20-20-20-20-21-21-21-21-22
34,CHINGLING,Blizzard,None,Normal,107-108-109-110-112-113-114-115-117-118-119-120-122-123-124-126
34,KIRLIA,BubbleBeam,None,Normal,64-64-66-66-67-67-69-69-70-70-72-72-73-73-75-76
34,KIRLIA,Pluck,None,Normal,45-46-46-47-48-48-49-49-50-50-51-51-52-52-53-54
34,KIRLIA,Grass Knot,None,Normal,27-27-27-28-28-28-29-29-29-30-30-30-31-31-31-32
34,KIRLIA,Blizzard,None,Normal,79-79-80-81-82-83-84-85-86-87-88-89-90-91-92-93
34,DRIFLOON,BubbleBeam,None,Normal,82-82-84-85-85-87-88-88-90-91-91-93-94-94-96-97
34,DRIFLOON,Pluck,None,Normal,47-48-48-49-49-50-50-51-52-52-53-53-54-54-55-56
34,DRIFLOON,Grass Knot,None,Normal,8-9-9-9-9-9-9-9-9-9-9-10-10-10-10-10
34,DRIFLOON,Blizzard,None,Normal,200-202-204-206-210-212-214-216-218-220-224-226-228-230-232-236
35,STARAVIA,BubbleBeam,None,Normal,72-73-73-75-75-76-76-78-79-79-81-81-82-82-84-85
35,STARAVIA,Pluck,None,Normal,25-25-26-26-26-27-27-27-27-28-28-28-29-29-29-30
35,STARAVIA,Grass Knot,None,Normal,14-15-15-15-15-15-15-16-16-16-16-16-16-17-17-17
35,STARAVIA,Blizzard,None,Normal,174-176-178-180-182-184-186-188-190-192-194-196-198-200-202-206
35,GROTLE,BubbleBeam,None,Normal,21-21-21-21-21-21-22-22-22-23-23-23-24-24-24-24
35,GROTLE,Pluck,None,Normal,32-32-32-32-32-34-34-34-34-34-36-36-36-36-36-38
35,GROTLE,Grass Knot,None,Normal,17-17-17-17-17-18-18-18-18-18-19-19-19-19-19-20
35,GROTLE,Blizzard,None,Normal,100-100-102-102-104-106-106-108-108-110-112-112-114-114-116-118
35,PONYTA,BubbleBeam,None,Normal,93-93-96-96-96-99-99-102-102-102-105-105-105-108-108-111
35,PONYTA,Pluck,None,Normal,25-25-26-26-26-27-27-27-27-28-28-28-29-29-29-30
35,PONYTA,Grass Knot,None,Normal,14-14-14-14-15-15-15-15-15-15-16-16-16-16-16-17
35,PONYTA,Blizzard,None,Normal,28-28-29-29-29-30-30-30-31-31-31-32-32-32-33-33
35,BUIZEL,BubbleBeam,None,Normal,42-42-42-43-43-44-45-45-45-46-46-47-48-48-48-49
35,BUIZEL,Pluck,None,Normal,39-40-40-41-41-42-42-43-43-44-44-45-45-46-46-47
35,BUIZEL,Grass Knot,None,Normal,102-104-106-106-108-108-110-112-112-114-114-116-118-118-120-122
35,BUIZEL,Blizzard,None,Normal,51-52-52-53-53-54-55-55-56-56-57-58-58-59-59-60
36,WINGULL,BubbleBeam,None,Normal,62-63-63-64-65-66-66-67-68-69-69-70-71-72-72-73
36,WINGULL,Pluck,None,Normal,56-57-58-58-59-60-60-61-62-62-63-64-64-65-66-67
36,WINGULL,Grass Knot,None,Normal,26-26-26-27-27-27-28-28-28-29-29-29-30-30-30-31
36,WINGULL,Blizzard,None,Normal,153-154-156-158-160-162-163-165-167-169-171-172-174-176-178-180
36,PELIPPER,BubbleBeam,None,Normal,33-33-34-34-35-35-36-36-36-36-37-37-38-38-39-39
36,PELIPPER,Pluck,None,Normal,20-20-20-21-21-21-21-22-22-22-22-23-23-23-23-24
36,PELIPPER,Grass Knot,None,Normal,41-42-42-43-43-44-44-45-45-46-46-47-47-48-48-49
36,PELIPPER,Blizzard,None,Normal,82-83-84-85-86-87-88-89-90-91-92-93-94-95-96-97
37,BIBAREL,BubbleBeam,None,Normal,33-33-34-34-35-35-36-36-36-36-37-37-38-38-39-39
37,BIBAREL,Pluck,None,Normal,34-35-35-36-36-36-37-37-38-38-38-39-39-40-40-41
37,BIBAREL,Grass Knot,None,Normal,82-84-84-86-86-88-88-90-90-92-92-94-94-96-96-98
37,BIBAREL,Blizzard,None,Normal,41-41-42-42-43-43-44-44-45-45-46-46-47-47-48-48
38,AZURILL,BubbleBeam,None,Normal,114-115-117-118-120-121-121-123-124-126-127-129-130-132-133-135
38,AZURILL,Pluck,None,Normal,51-52-53-53-54-54-55-56-56-57-57-58-59-59-60-61
38,AZURILL,Grass Knot,None,Normal,24-24-25-25-25-26-26-26-26-27-27-27-28-28-28-29
38,AZURILL,Blizzard,None,Normal,140-141-143-145-146-148-150-151-153-155-156-158-160-161-163-165
38,AZUMARILL,BubbleBeam,None,Normal,25-26-26-27-27-27-27-27-28-28-28-29-29-30-30-30
38,AZUMARILL,Pluck,None,Normal,25-25-26-26-26-27-27-27-27-28-28-28-29-29-29-30
38,AZUMARILL,Grass Knot,None,Normal,64-64-66-66-66-68-68-68-70-70-72-72-72-74-74-76
38,AZUMARILL,Blizzard,None,Normal,31-31-32-32-32-33-33-34-34-34-35-35-35-36-36-37
38,MARILL,BubbleBeam,None,Normal,49-50-50-51-51-52-52-53-54-54-55-55-56-57-57-58
38,MARILL,Pluck,None,Normal,39-40-40-41-41-42-42-43-43-44-44-45-45-46-46-47
38,MARILL,Grass Knot,None,Normal,42-42-42-44-44-44-44-46-46-46-46-48-48-48-48-50
38,MARILL,Blizzard,None,Normal,61-61-62-63-64-64-65-66-66-67-68-69-69-70-71-72
39,WINGULL,BubbleBeam,None,Normal,67-68-69-69-70-71-72-72-73-74-75-75-76-77-78-79
39,WINGULL,Pluck,None,Normal,61-61-62-63-64-64-65-66-66-67-68-69-69-70-71-72
39,WINGULL,Grass Knot,None,Normal,28-29-29-29-30-30-30-31-31-31-32-32-32-33-33-34
39,WINGULL,Blizzard,None,Normal,165-167-169-171-173-175-177-179-181-183-185-187-189-191-193-195
39,SHELLOS,BubbleBeam,None,Normal,35-36-36-36-36-37-37-38-39-39-39-39-40-40-41-42
39,SHELLOS,Pluck,None,Normal,39-40-40-41-41-42-42-43-43-44-44-45-45-46-46-47
39,SHELLOS,Grass Knot,None,Normal,30-30-30-30-32-32-32-32-32-32-34-34-34-34-34-36
39,SHELLOS,Blizzard,None,Normal,43-44-44-45-45-46-46-47-47-48-48-49-49-50-50-51
39,GOLDUCK,BubbleBeam,None,Normal,31-32-32-33-33-33-33-34-34-35-35-36-36-36-36-37
39,GOLDUCK,Pluck,None,Normal,23-24-24-24-24-25-25-25-26-26-26-26-27-27-27-28
39,GOLDUCK,Grass Knot,None,Normal,102-104-106-106-108-108-110-112-112-114-114-116-118-118-120-122
39,GOLDUCK,Blizzard,None,Normal,38-38-39-39-40-40-40-41-41-42-42-43-43-44-44-45
40,GYARADOS,BubbleBeam,None,Normal,21-22-22-22-23-23-23-24-24-24-24-24-24-25-25-26
40,GYARADOS,Pluck,None,Normal,20-20-20-21-21-21-21-22-22-22-22-23-23-23-23-24
40,GYARADOS,Grass Knot,None,Normal,54-55-55-56-56-57-58-58-59-60-60-61-62-62-63-64
40,GYARADOS,Blizzard,None,Normal,54-55-55-56-56-57-58-58-59-60-60-61-62-62-63-64
40,QUAGSIRE,BubbleBeam,None,Normal,66-66-67-67-69-69-70-70-72-72-73-73-75-75-76-78
40,QUAGSIRE,Pluck,None,Normal,22-22-22-22-23-23-23-23-24-24-24-24-25-25-25-26
40,QUAGSIRE,Grass Knot,None,Normal,216-220-220-224-224-228-232-232-236-240-240-244-248-248-252-256
40,QUAGSIRE,Blizzard,None,Normal,81-82-83-84-85-86-87-88-89-90-91-92-93-94-95-96
40,FLOATZEL,BubbleBeam,None,Normal,38-38-39-39-39-40-40-41-41-42-42-42-43-43-44-45
40,FLOATZEL,Pluck,None,Normal,28-29-29-29-30-30-30-31-31-31-32-32-32-33-33-34
40,FLOATZEL,Grass Knot,None,Normal,92-94-94-96-96-98-100-100-102-102-104-104-106-106-108-110
40,FLOATZEL,Blizzard,None,Normal,46-46-47-47-48-49-49-50-50-51-51-52-52-53-53-54
41,CROAGUNK,BubbleBeam,None,Normal,108-109-109-111-112-114-115-117-118-118-120-121-123-124-126-127
41,CROAGUNK,Pluck,None,Normal,90-90-92-92-94-94-96-96-98-98-100-100-102-102-104-106
41,CROAGUNK,Grass Knot,None,Normal,22-22-23-23-23-23-24-24-24-24-25-25-25-25-26-26
41,CROAGUNK,Blizzard,None,Normal,131-133-134-136-137-139-141-142-144-145-147-148-150-151-153-155
42,AIPOM,BubbleBeam,None,Normal,76-78-79-79-81-81-82-84-84-85-85-87-88-88-90-91
42,AIPOM,Pluck,None,Normal,35-36-36-36-37-37-38-38-39-39-39-40-40-41-41-42
42,AIPOM,Grass Knot,None,Normal,32-32-33-33-33-34-34-34-35-35-36-36-36-37-37-38
42,AIPOM,Blizzard,None,Normal,94-95-96-97-98-99-101-102-103-104-105-106-107-108-109-111
42,GROTLE,BubbleBeam,None,Normal,33-34-34-35-36-36-36-36-37-37-38-38-39-39-39-40
42,GROTLE,Pluck,None,Normal,48-48-50-50-50-52-52-52-52-54-54-54-56-56-56-58
42,GROTLE,Grass Knot,None,Normal,28-28-28-29-29-29-30-30-30-31-31-31-32-32-32-33
42,GROTLE,Blizzard,None,Normal,166-168-170-172-174-176-178-180-182-184-186-188-190-192-194-196
42,GIRAFARIG,BubbleBeam,None,Normal,76-78-79-79-81-81-82-84-84-85-85-87-88-88-90-91
42,GIRAFARIG,Pluck,None,Normal,32-32-33-33-33-34-34-34-35-35-36-36-36-37-37-38
42,GIRAFARIG,Grass Knot,None,Normal,48-49-49-50-50-51-51-52-53-53-54-54-55-55-56-57
42,GIRAFARIG,Blizzard,None,Normal,95-96-97-98-99-100-101-103-104-105-106-107-108-109-110-112
43,MACHOKE,BubbleBeam,None,Normal,72-73-73-75-75-76-76-78-79-79-81-81-82-82-84-85
43,MACHOKE,Pluck,None,Normal,64-64-66-66-66-68-68-68-70-70-72-72-72-74-74-76
43,MACHOKE,Grass Knot,None,Normal,59-60-60-61-62-63-63-64-65-65-66-67-67-68-69-70
43,MACHOKE,Blizzard,None,Normal,88-89-90-91-92-93-94-95-96-97-98-99-100-101-102-104
44,HOOTHOOT,BubbleBeam,None,Normal,81-82-82-84-84-85-87-87-88-90-90-91-93-93-94-96
44,HOOTHOOT,Pluck,None,Normal,61-61-62-63-64-64-65-66-66-67-68-69-69-70-71-72
44,HOOTHOOT,Grass Knot,None,Normal,17-17-17-17-17-18-18-18-18-18-19-19-19-19-19-20
44,HOOTHOOT,Blizzard,None,Normal,198-200-202-204-208-210-212-214-216-218-222-224-226-228-230-234
44,NOCTOWL,BubbleBeam,None,Normal,43-45-45-45-46-46-46-48-48-48-49-49-49-51-51-52
44,NOCTOWL,Pluck,None,Normal,44-44-45-45-46-46-47-47-48-48-49-49-50-50-51-52
44,NOCTOWL,Grass Knot,None,Normal,13-13-13-14-14-14-14-14-14-15-15-15-15-15-15-16
44,NOCTOWL,Blizzard,None,Normal,106-108-108-110-112-112-114-114-116-118-118-120-122-122-124-126
45,HOUNDOUR,BubbleBeam,Choice Specs,Normal,270-273-276-279-282-285-288-291-294-297-300-303-306-309-312-318
45,HOUNDOUR,Pluck,Choice Specs,Normal,66-67-67-68-69-70-70-71-72-73-74-74-75-76-77-78
45,HOUNDOUR,Grass Knot,Choice Specs,Normal,28-28-28-29-29-29-30-30-30-31-31-31-32-32-32-33
45,HOUNDOUR,Blizzard,Choice Specs,Normal,82-83-84-85-86-87-88-89-90-91-92-93-94-95-96-97
45,GOLBAT,BubbleBeam,Choice Specs,Normal,108-109-109-111-112-114-115-117-118-118-120-121-123-124-126-127
45,GOLBAT,Pluck,Choice Specs,Normal,33-33-33-34-34-35-35-35-36-36-37-37-37-38-38-39
45,GOLBAT,Grass Knot,Choice Specs,Normal,22-22-22-22-23-23-23-23-24-24-24-24-25-25-25-26
45,GOLBAT,Blizzard,Choice Specs,Normal,262-266-268-272-274-278-282-284-288-290-294-296-300-302-306-310
46,SNEASEL,BubbleBeam,Choice Specs,Normal,82-82-84-85-85-87-88-88-90-91-91-93-94-94-96-97
46,SNEASEL,Pluck,Choice Specs,Normal,29-30-30-30-31-31-31-32-32-32-33-33-33-34-34-35
46,SNEASEL,Grass Knot,Choice Specs,Normal,51-51-52-52-53-54-54-55-55-56-57-57-58-58-59-60
46,SNEASEL,Blizzard,Choice Specs,Normal,50-50-51-51-52-53-53-54-54-55-56-56-57-57-58-59
46,GOLBAT,BubbleBeam,Choice Specs,Normal,82-82-84-85-85-87-88-88-90-91-91-93-94-94-96-97
46,GOLBAT,Pluck,Choice Specs,Normal,27-27-27-28-28-28-29-29-29-30-30-30-31-31-31-32
46,GOLBAT,Grass Knot,Choice Specs,Normal,16-16-17-17-17-17-17-18-18-18-18-18-19-19-19-19
46,GOLBAT,Blizzard,Choice Specs,Normal,200-202-204-206-210-212-214-216-218-220-224-226-228-230-232-236
46,MURKROW,BubbleBeam,Choice Specs,Normal,117-118-120-120-121-123-124-126-127-129-130-132-133-135-136-138
46,MURKROW,Pluck,Choice Specs,Normal,34-34-34-35-35-36-36-36-37-37-38-38-38-39-39-40
46,MURKROW,Grass Knot,Choice Specs,Normal,12-12-12-12-12-13-13-13-13-13-13-13-14-14-14-14
46,MURKROW,Blizzard,Choice Specs,Normal,286-290-294-296-300-304-306-310-314-316-320-324-326-330-334-338
47,STARAPTOR,Surf,Choice Specs,Normal,178-181-183-186-187-189-192-193-196-198-199-202-204-207-208-211
47,STARAPTOR,Pluck,Choice Specs,Normal,28-29-29-29-30-30-30-31-31-31-32-32-32-33-33-34
47,STARAPTOR,Grass Knot,Choice Specs,Normal,25-25-26-26-26-27-27-27-27-28-28-28-29-29-29-30
47,STARAPTOR,Blizzard,Choice Specs,Normal,302-306-308-312-316-320-322-326-330-334-338-340-344-348-352-356
47,HERACROSS,Surf,Choice Specs,Normal,102-103-105-106-108-108-109-111-112-114-114-115-117-118-120-121
47,HERACROSS,Pluck,Choice Specs,Normal,120-120-124-124-128-128-128-132-132-132-136-136-136-140-140-144
47,HERACROSS,Grass Knot,Choice Specs,Normal,29-29-30-30-30-31-31-31-32-32-32-33-33-33-34-34
47,HERACROSS,Blizzard,Choice Specs,Normal,86-87-88-89-90-91-92-93-94-95-96-97-98-99-100-102
47,TORTERRA,Surf,Choice Specs,Normal,109-111-112-114-115-117-118-120-120-121-123-124-126-127-129-130
47,TORTERRA,Pluck,Choice Specs,Normal,44-44-44-44-46-46-46-46-48-48-48-48-50-50-50-52
47,TORTERRA,Grass Knot,Choice Specs,Normal,92-93-94-95-97-98-99-100-101-102-103-104-105-106-107-109
47,TORTERRA,Blizzard,Choice Specs,Normal,368-372-376-380-388-392-396-400-404-408-412-416-420-424-428-436
47,RAPIDASH,Surf,Choice Specs,Normal,234-237-240-240-243-246-249-252-255-258-261-264-267-270-273-276
47,RAPIDASH,Pluck,Choice Specs,Normal,30-30-31-31-32-32-32-33-33-33-34-34-34-35-35-36
47,RAPIDASH,Grass Knot,Choice Specs,Normal,32-33-33-33-34-34-35-35-35-36-36-36-37-37-38-38
47,RAPIDASH,Blizzard,Choice Specs,Normal,48-49-50-50-51-51-52-52-53-54-54-55-55-56-56-57
47,FLOATZEL,Surf,Choice Specs,Normal,85-87-87-88-90-90-91-93-93-94-96-96-97-99-99-101
47,FLOATZEL,Pluck,Choice Specs,Normal,37-37-38-38-39-39-40-40-40-41-41-42-42-43-43-44
47,FLOATZEL,Grass Knot,Choice Specs,Normal,146-146-148-150-152-154-156-158-158-160-162-164-166-168-170-172
47,FLOATZEL,Blizzard,Choice Specs,Normal,72-73-73-74-75-76-77-78-79-79-80-81-82-83-84-85
48,STEELIX,Surf,Choice Specs,Normal,336-339-342-348-351-354-360-363-366-372-375-378-384-387-390-396
48,STEELIX,Pluck,Choice Specs,Normal,5-6-6-6-6-6-6-6-6-6-6-6-6-6-6-7
48,STEELIX,Grass Knot,Choice Specs,Normal,141-142-144-146-147-149-151-152-154-156-157-159-161-162-164-166
48,STEELIX,Blizzard,Choice Specs,Normal,141-142-144-146-147-149-151-152-154-156-157-159-161-162-164-166
49,SCIZOR,Surf,Choice Specs,Normal,130-132-133-135-136-138-139-141-142-144-145-147-148-150-151-154
49,SCIZOR,Pluck,Choice Specs,Normal,19-19-20-20-20-20-20-21-21-21-21-22-22-22-22-23
49,SCIZOR,Grass Knot,Choice Specs,Normal,22-23-23-23-24-24-24-24-25-25-25-25-26-26-26-27
49,SCIZOR,Blizzard,Choice Specs,Normal,55-55-56-57-57-58-59-59-60-61-61-62-63-63-64-65
50,MAGNEMITE,Surf,Choice Specs,Normal,189-192-193-196-198-201-202-205-207-210-211-214-216-219-220-223
50,MAGNEMITE,Pluck,Choice Specs,Normal,8-9-9-9-9-9-9-9-9-9-9-10-10-10-10-10
50,MAGNEMITE,Grass Knot,Choice Specs,Normal,14-14-14-14-14-14-15-15-15-15-15-15-16-16-16-16
50,MAGNEMITE,Blizzard,Choice Specs,Normal,79-80-81-82-83-84-85-86-87-88-89-90-91-92-93-94
50,MAGNEMITE,Surf,Choice Specs,Normal,189-192-193-196-198-201-202-205-207-210-211-214-216-219-220-223
50,MAGNEMITE,Pluck,Choice Specs,Normal,8-9-9-9-9-9-9-9-9-9-9-10-10-10-10-10
50,MAGNEMITE,Grass Knot,Choice Specs,Normal,14-14-14-14-14-14-15-15-15-15-15-15-16-16-16-16
50,MAGNEMITE,Blizzard,Choice Specs,Normal,79-80-81-82-83-84-85-86-87-88-89-90-91-92-93-94
51,STEELIX,Surf,Choice Specs,Normal,396-402-405-411-414-420-423-429-435-438-444-447-453-456-462-468
51,STEELIX,Pluck,Choice Specs,Normal,6-6-6-7-7-7-7-7-7-7-7-7-7-7-7-8
51,STEELIX,Grass Knot,Choice Specs,Normal,166-168-170-172-174-176-178-180-182-184-186-188-190-192-194-196
51,STEELIX,Blizzard,Choice Specs,Normal,166-168-170-172-174-176-178-180-182-184-186-188-190-192-194-196
51,STEELIX,Surf,Choice Specs,Normal,330-333-339-342-345-351-354-357-360-366-369-372-378-381-384-390
51,STEELIX,Pluck,Choice Specs,Normal,6-6-6-7-7-7-7-7-7-7-7-7-7-7-7-8
51,STEELIX,Grass Knot,Choice Specs,Normal,139-141-142-144-145-147-149-150-152-154-155-157-159-160-162-164
51,STEELIX,Blizzard,Choice Specs,Normal,139-141-142-144-145-147-149-150-152-154-155-157-159-160-162-164
52,BRONZOR,Surf,Choice Specs,Normal,133-135-136-138-139-141-142-144-145-147-148-150-151-153-154-157
52,BRONZOR,Pluck,Choice Specs,Normal,14-14-14-14-15-15-15-15-15-15-16-16-16-16-16-17
52,BRONZOR,Grass Knot,Choice Specs,Normal,37-38-38-39-39-40-40-40-41-41-42-42-43-43-44-44
52,BRONZOR,Blizzard,Choice Specs,Normal,56-56-57-58-58-59-60-60-61-62-62-63-64-64-65-66
52,BRONZOR,Surf,Choice Specs,Normal,132-133-135-136-138-139-141-142-144-145-147-148-150-151-153-156
52,BRONZOR,Pluck,Choice Specs,Normal,14-14-14-14-15-15-15-15-15-15-16-16-16-16-16-17
52,BRONZOR,Grass Knot,Choice Specs,Normal,36-37-37-38-38-39-39-40-40-40-41-41-42-42-43-43
52,BRONZOR,Blizzard,Choice Specs,Normal,55-55-56-57-57-58-59-59-60-61-61-62-63-63-64-65
52,BRONZOR,Surf,Choice Specs,Normal,112-114-115-117-118-120-120-121-123-124-126-127-129-130-132-133
52,BRONZOR,Pluck,Choice Specs,Normal,13-13-13-14-14-14-14-14-14-15-15-15-15-15-15-16
52,BRONZOR,Grass Knot,Choice Specs,Normal,32-32-33-33-33-34-34-34-35-35-36-36-36-37-37-38
52,BRONZOR,Blizzard,Choice Specs,Normal,48-48-49-49-50-50-51-51-52-53-53-54-54-55-55-56
53,MAGNETON,Surf,Choice Specs,Normal,139-141-142-144-145-148-150-151-153-154-156-157-159-160-162-165
53,MAGNETON,Pluck,Choice Specs,Normal,5-5-5-5-5-5-5-5-6-6-6-6-6-6-6-6
53,MAGNETON,Grass Knot,Choice Specs,Normal,39-39-40-40-41-41-42-42-43-43-44-44-45-45-46-46
53,MAGNETON,Blizzard,Choice Specs,Normal,58-59-60-60-61-62-62-63-64-64-65-66-66-67-68-69
53,STEELIX,Surf,Choice Specs,Normal,291-294-300-303-306-309-312-315-318-324-327-330-333-336-339-345
53,STEELIX,Pluck,Choice Specs,Normal,6-6-6-6-6-6-6-6-6-7-7-7-7-7-7-7
53,STEELIX,Grass Knot,Choice Specs,Normal,123-124-126-127-129-130-131-133-134-136-137-139-140-142-143-145
53,STEELIX,Blizzard,Choice Specs,Normal,123-124-126-127-129-130-131-133-134-136-137-139-140-142-143-145
53,BASTIODON,Surf,Choice Specs,Normal,162-165-165-168-168-171-174-174-177-180-180-183-186-186-189-192
53,BASTIODON,Pluck,Choice Specs,Normal,3-3-3-3-3-3-3-3-3-3-3-3-3-3-3-3
53,BASTIODON,Grass Knot,Choice Specs,Normal,56-57-58-58-59-60-60-61-62-62-63-64-64-65-66-67
53,BASTIODON,Blizzard,Choice Specs,Normal,34-34-34-35-35-36-36-36-37-37-38-38-38-39-39-40
54,GOLBAT,Surf,Choice Specs,Normal,156-157-160-162-163-165-166-169-171-172-174-177-178-180-181-184
54,GOLBAT,Strength,Choice Specs,Normal,41-42-42-43-43-44-44-45-45-46-46-47-47-48-48-49
54,GOLBAT,Flash Cannon,Choice Specs,Normal,132-133-135-136-138-139-141-142-144-145-147-148-150-151-153-156
54,GOLBAT,Blizzard,Choice Specs,Normal,262-266-268-272-274-278-282-284-288-290-294-296-300-302-306-310
54,TOXICROAK,Surf,Choice Specs,Normal,148-150-151-153-156-157-159-160-162-163-166-168-169-171-172-175
54,TOXICROAK,Strength,Choice Specs,Normal,42-43-43-44-44-45-45-46-46-47-47-48-48-49-49-50
54,TOXICROAK,Flash Cannon,Choice Specs,Normal,126-127-129-130-132-133-135-136-138-139-141-142-144-145-147-148
54,TOXICROAK,Blizzard,Choice Specs,Normal,125-127-128-130-131-133-134-136-137-139-140-142-143-145-146-148
54,BRONZOR,Surf,Choice Specs,Normal,124-126-127-129-130-132-133-135-136-138-139-141-142-144-145-147
54,BRONZOR,Strength,Choice Specs,Normal,17-18-18-18-18-18-19-19-19-19-19-20-20-20-20-21
54,BRONZOR,Flash Cannon,Choice Specs,Normal,52-53-54-54-54-55-56-57-57-58-58-59-60-60-61-62
54,BRONZOR,Blizzard,Choice Specs,Normal,52-53-53-54-55-55-56-57-57-58-58-59-60-60-61-62
55,GLAMEOW,Surf,Choice Specs,Normal,325-330-333-337-340-345-348-352-357-360-364-367-372-375-379-384
55,GLAMEOW,Strength,Choice Specs,Normal,83-84-85-86-87-88-89-90-91-92-93-94-95-96-97-98
55,GLAMEOW,Flash Cannon,Choice Specs,Normal,274-277-280-285-288-291-294-297-300-304-307-310-313-316-319-324
55,GLAMEOW,Blizzard,Choice Specs,Normal,274-277-281-284-287-290-293-297-300-303-306-310-313-316-319-323
55,CROAGUNK,Surf,Choice Specs,Normal,258-261-264-267-270-273-276-279-282-285-288-291-294-297-300-304
55,CROAGUNK,Strength,Choice Specs,Normal,78-79-80-80-81-82-83-84-85-86-87-88-89-90-91-92
55,CROAGUNK,Flash Cannon,Choice Specs,Normal,217-220-222-225-228-229-232-235-238-240-243-246-247-250-253-256
55,CROAGUNK,Blizzard,Choice Specs,Normal,216-219-221-224-226-229-232-234-237-239-242-244-247-249-252-255
55,GOLBAT,Surf,Choice Specs,Normal,178-180-181-184-186-189-190-192-195-196-199-201-202-205-207-210
55,GOLBAT,Strength,Choice Specs,Normal,52-53-53-54-55-55-56-57-57-58-58-59-60-60-61-62
55,GOLBAT,Flash Cannon,Choice Specs,Normal,150-151-153-154-157-159-160-162-163-165-168-169-171-172-174-177
55,GOLBAT,Blizzard,Choice Specs,Normal,300-304-306-310-314-318-322-324-328-332-336-338-342-346-350-354
55,MURKROW,Surf,Choice Specs,Normal,306-309-312-316-319-324-327-330-334-337-342-345-348-352-355-360
55,MURKROW,Strength,Choice Specs,Normal,76-77-78-79-80-81-81-82-83-84-85-86-87-88-89-90
55,MURKROW,Flash Cannon,Choice Specs,Normal,258-261-264-267-270-273-276-279-282-285-288-291-294-297-300-304
55,MURKROW,Blizzard,Choice Specs,Normal,514-520-526-532-538-544-550-556-562-568-574-580-586-592-598-606
56,GOLBAT,Surf,Choice Specs,Normal,141-142-144-145-147-148-151-153-154-156-157-159-160-162-163-166
56,GOLBAT,Strength,Choice Specs,Normal,42-43-43-44-44-45-45-46-46-47-47-48-48-49-49-50
56,GOLBAT,Flash Cannon,Choice Specs,Normal,118-120-121-123-124-126-127-129-130-132-133-135-136-138-139-141
56,GOLBAT,Blizzard,Choice Specs,Normal,238-240-242-246-248-252-254-256-260-262-266-268-270-274-276-280
56,BRONZOR,Surf,Choice Specs,Normal,127-129-130-132-133-135-136-138-139-141-142-144-145-147-148-150
56,BRONZOR,Strength,Choice Specs,Normal,16-16-16-17-17-17-17-17-18-18-18-18-18-19-19-19
56,BRONZOR,Flash Cannon,Choice Specs,Normal,54-54-54-55-56-57-57-58-59-59-60-60-61-62-63-63
56,BRONZOR,Blizzard,Choice Specs,Normal,53-54-54-55-56-56-57-57-58-59-59-60-61-61-62-63
56,PURUGLY,Surf,Choice Specs,Normal,163-165-168-169-171-174-175-177-178-181-183-184-187-189-190-193
56,PURUGLY,Strength,Choice Specs,Normal,44-44-45-45-46-46-47-47-48-48-49-49-50-50-51-52
56,PURUGLY,Flash Cannon,Choice Specs,Normal,138-139-141-142-145-147-148-150-151-153-154-156-157-159-160-163
56,PURUGLY,Blizzard,Choice Specs,Normal,138-140-141-143-145-146-148-149-151-153-154-156-158-159-161-163
57,TROPIUS,Surf,Choice Specs,Normal,63-63-64-65-66-66-67-68-69-69-70-71-72-72-73-74
57,TROPIUS,Strength,Choice Specs,Normal,37-37-38-38-39-39-40-40-40-41-41-42-42-43-43-44
57,TROPIUS,Flash Cannon,Choice Specs,Normal,106-108-109-109-111-112-114-115-117-117-118-120-121-123-124-126
57,TROPIUS,Blizzard,Choice Specs,Normal,424-428-432-440-444-448-452-460-464-468-472-480-484-488-492-500
58,ELECTABUZZ,Surf,Choice Specs,Normal,133-135-136-138-139-141-142-144-145-147-148-150-151-153-154-157
58,ELECTABUZZ,Strength,Choice Specs,Normal,60-61-61-62-63-63-64-65-66-66-67-68-68-69-70-71
58,ELECTABUZZ,Flash Cannon,Choice Specs,Normal,112-114-115-117-118-120-120-121-123-124-126-127-129-130-132-133
58,ELECTABUZZ,Blizzard,Choice Specs,Normal,113-114-115-117-118-119-121-122-123-125-126-127-129-130-131-133
58,MAGMAR,Surf,Choice Specs,Normal,273-276-279-285-288-291-294-297-300-303-306-309-312-315-318-324
58,MAGMAR,Strength,Choice Specs,Normal,54-55-55-56-56-57-58-58-59-60-60-61-62-62-63-64
58,MAGMAR,Flash Cannon,Choice Specs,Normal,57-58-59-60-60-60-61-62-63-63-64-65-66-66-67-68
58,MAGMAR,Blizzard,Choice Specs,Normal,57-58-59-59-60-61-61-62-63-63-64-65-65-66-67-68
59,KIRLIA,Surf,Choice Specs,Normal,208-211-213-216-217-220-223-225-228-231-232-235-238-240-243-246
59,KIRLIA,Strength,Choice Specs,Normal,79-80-81-82-83-84-85-86-87-88-89-90-91-92-93-94
59,KIRLIA,Flash Cannon,Choice Specs,Normal,177-178-180-183-184-187-189-190-193-195-198-199-201-204-205-208
59,KIRLIA,Blizzard,Choice Specs,Normal,175-178-180-182-184-186-188-190-192-194-196-198-200-202-204-207
59,BUNEARY,Surf,Choice Specs,Normal,208-211-213-216-217-220-223-225-228-231-232-235-238-240-243-246
59,BUNEARY,Strength,Choice Specs,Normal,79-80-81-82-83-84-85-86-87-88-89-90-91-92-93-94
59,BUNEARY,Flash Cannon,Choice Specs,Normal,177-178-180-183-184-187-189-190-193-195-198-199-201-204-205-208
59,BUNEARY,Blizzard,Choice Specs,Normal,175-178-180-182-184-186-188-190-192-194-196-198-200-202-204-207
59,SEAKING,Surf,Choice Specs,Normal,82-83-84-85-86-87-88-89-90-91-92-93-94-95-96-97
59,SEAKING,Strength,Choice Specs,Normal,50-50-51-51-52-53-53-54-54-55-56-56-57-57-58-59
59,SEAKING,Flash Cannon,Choice Specs,Normal,69-70-71-72-72-74-75-75-76-77-78-78-79-80-81-82
59,SEAKING,Blizzard,Choice Specs,Normal,69-70-71-72-72-73-74-75-76-77-77-78-79-80-81-82
60,SNEASEL,Surf,Choice Specs,Normal,133-135-136-138-139-141-142-144-145-147-148-150-151-153-154-157
60,SNEASEL,Strength,Choice Specs,Normal,47-48-48-49-49-50-50-51-52-52-53-53-54-54-55-56
60,SNEASEL,Flash Cannon,Choice Specs,Normal,225-228-231-234-237-240-240-243-246-249-252-255-258-261-264-267
60,SNEASEL,Rock Climb,Choice Specs,Normal,53-54-54-55-56-56-57-57-58-59-59-60-61-61-62-63
60,PILOSWINE,Surf,Choice Specs,Normal,315-318-321-327-330-333-336-342-345-348-351-357-360-363-366-372
60,PILOSWINE,Strength,Choice Specs,Normal,40-41-41-42-42-43-43-44-44-45-45-46-46-47-47-48
60,PILOSWINE,Flash Cannon,Choice Specs,Normal,267-270-273-276-279-282-285-288-291-294-297-300-303-306-309-315
60,PILOSWINE,Rock Climb,Choice Specs,Normal,45-46-46-47-48-48-49-49-50-50-51-51-52-52-53-54
60,ABOMASNOW,Surf,Choice Specs,Normal,62-63-63-64-65-66-66-67-68-69-69-70-71-72-72-73
60,ABOMASNOW,Strength,Choice Specs,Normal,35-36-36-36-37-37-38-38-39-39-39-40-40-41-41-42
60,ABOMASNOW,Flash Cannon,Choice Specs,Normal,210-213-216-219-219-222-225-228-231-234-234-237-240-243-246-249
60,ABOMASNOW,Rock Climb,Choice Specs,Normal,39-40-40-41-41-42-42-43-43-44-44-45-45-46-46-47
60,FROSLASS,Surf,Choice Specs,Normal,141-142-144-145-147-148-151-153-154-156-157-159-160-162-163-166
60,FROSLASS,Strength,Choice Specs,Normal,0-0-0-0-0-0-0-0-0-0-0-0-0-0-0-0
60,FROSLASS,Flash Cannon,Choice Specs,Normal,237-237-240-243-246-249-252-255-258-261-264-267-270-273-276-279
60,FROSLASS,Rock Climb,Choice Specs,Normal,0-0-0-0-0-0-0-0-0-0-0-0-0-0-0-0
61,HOUNDOUR,Surf,Choice Specs,Normal,459-465-471-477-483-486-492-498-504-510-513-519-525-531-537-543
61,HOUNDOUR,Strength,Choice Specs,Normal,109-110-112-113-114-116-117-118-119-121-122-123-125-126-127-129
61,HOUNDOUR,Flash Cannon,Choice Specs,Normal,97-98-99-100-102-102-104-105-106-107-108-109-111-111-113-114
61,HOUNDOUR,Rock Climb,Choice Specs,Normal,123-124-126-127-129-130-131-133-134-136-137-139-140-142-143-145
61,MURKROW,Surf,Choice Specs,Normal,282-285-289-292-295-298-303-306-309-312-315-319-322-325-328-333
61,MURKROW,Strength,Choice Specs,Normal,79-79-80-81-82-83-84-85-86-87-88-89-90-91-92-93
61,MURKROW,Flash Cannon,Choice Specs,Normal,238-241-244-247-250-253-256-258-261-264-267-270-273-276-279-282
61,MURKROW,Rock Climb,Choice Specs,Normal,88-89-90-91-92-93-94-95-96-97-98-99-100-101-102-104
62,GOLBAT,Surf,Choice Specs,Normal,168-169-171-174-175-177-180-181-183-186-187-189-192-193-195-198
62,GOLBAT,Strength,Choice Specs,Normal,50-50-51-51-52-53-53-54-54-55-56-56-57-57-58-59
62,GOLBAT,Flash Cannon,Choice Specs,Normal,141-142-144-145-147-148-151-153-154-156-157-159-160-162-163-166
62,GOLBAT,Rock Climb,Choice Specs,Normal,56-56-57-58-58-59-60-60-61-62-62-63-64-64-65-66
62,GOLBAT,Surf,Choice Specs,Normal,178-180-181-184-186-189-190-192-195-196-199-201-202-205-207-210
62,GOLBAT,Strength,Choice Specs,Normal,53-54-54-55-56-56-57-57-58-59-59-60-61-61-62-63
62,GOLBAT,Flash Cannon,Choice Specs,Normal,150-151-153-154-157-159-160-162-163-165-168-169-171-172-174-177
62,GOLBAT,Rock Climb,Choice Specs,Normal,60-61-61-62-63-63-64-65-66-66-67-68-68-69-70-71
63,STUNKY,Surf,Choice Specs,Normal,303-306-310-313-316-321-324-327-331-334-339-342-345-349-352-357
63,STUNKY,Strength,Choice Specs,Normal,76-77-78-79-80-81-81-82-83-84-85-86-87-88-89-90
63,STUNKY,Flash Cannon,Choice Specs,Normal,255-258-261-264-267-270-273-276-279-282-285-288-291-294-297-300
63,STUNKY,Rock Climb,Choice Specs,Normal,85-86-87-88-89-90-91-92-93-94-95-96-97-98-99-101
63,CROAGUNK,Surf,Choice Specs,Normal,310-313-318-321-325-328-333-336-339-343-346-351-354-358-361-366
63,CROAGUNK,Strength,Choice Specs,Normal,86-87-88-89-90-91-92-93-94-95-96-97-98-99-100-102
63,CROAGUNK,Flash Cannon,Choice Specs,Normal,262-265-268-271-274-277-280-283-286-289-292-295-298-301-304-309
63,CROAGUNK,Rock Climb,Choice Specs,Normal,97-98-100-101-102-103-104-105-106-108-109-110-111-112-113-115
63,CROAGUNK,Surf,Choice Specs,Normal,294-297-300-304-307-310-315-318-321-325-328-331-336-339-342-346
63,CROAGUNK,Strength,Choice Specs,Normal,82-83-84-85-86-87-88-89-90-91-92-93-94-95-96-97
63,CROAGUNK,Flash Cannon,Choice Specs,Normal,247-250-253-256-259-262-265-268-271-274-277-280-283-286-289-292
63,CROAGUNK,Rock Climb,Choice Specs,Normal,92-93-94-95-97-98-99-100-101-102-103-104-105-106-107-109
63,STUNKY,Surf,Choice Specs,Normal,339-342-346-351-354-358-363-366-370-375-378-382-387-390-394-399
63,STUNKY,Strength,Choice Specs,Normal,76-77-78-79-80-81-81-82-83-84-85-86-87-88-89-90
63,STUNKY,Flash Cannon,Choice Specs,Normal,285-288-291-295-298-301-304-309-312-315-318-322-325-328-331-336
63,STUNKY,Rock Climb,Choice Specs,Normal,85-86-87-88-89-90-91-92-93-94-95-96-97-98-99-101
63,GLAMEOW,Surf,Choice Specs,Normal,330-333-337-340-345-349-352-357-360-364-369-372-376-379-384-388
63,GLAMEOW,Strength,Choice Specs,Normal,82-83-84-85-86-87-88-89-90-91-92-93-94-95-96-97
63,GLAMEOW,Flash Cannon,Choice Specs,Normal,277-280-283-286-291-294-297-300-303-306-310-313-316-319-322-327
63,GLAMEOW,Rock Climb,Choice Specs,Normal,92-93-94-95-97-98-99-100-101-102-103-104-105-106-107-109
64,SNEASEL,Surf,Choice Specs,Normal,135-136-138-139-141-142-144-145-147-148-150-151-153-154-156-159
64,SNEASEL,Strength,Choice Specs,Normal,47-48-48-49-49-50-50-51-52-52-53-53-54-54-55-56
64,SNEASEL,Flash Cannon,Choice Specs,Normal,225-228-231-234-237-240-240-243-246-249-252-255-258-261-264-267
64,SNEASEL,Rock Climb,Choice Specs,Normal,53-54-54-55-56-56-57-57-58-59-59-60-61-61-62-63
64,CROBAT,Surf,Choice Specs,Normal,127-129-130-132-133-135-136-138-139-141-142-144-145-147-148-151
64,CROBAT,Strength,Choice Specs,Normal,39-40-40-41-41-42-42-43-43-44-44-45-45-46-46-47
64,CROBAT,Flash Cannon,Choice Specs,Normal,108-109-109-111-112-114-115-117-118-118-120-121-123-124-126-127
64,CROBAT,Rock Climb,Choice Specs,Normal,45-45-46-46-47-47-48-48-49-49-50-50-51-51-52-53
64,HONCHKROW,Surf,Choice Specs,Normal,181-183-186-187-190-192-195-196-198-201-202-205-207-210-211-214
64,HONCHKROW,Strength,Choice Specs,Normal,47-48-48-49-49-50-50-51-52-52-53-53-54-54-55-56
64,HONCHKROW,Flash Cannon,Choice Specs,Normal,153-154-156-157-159-162-163-165-166-168-171-172-174-175-177-180
64,HONCHKROW,Rock Climb,Choice Specs,Normal,53-54-54-55-56-56-57-57-58-59-59-60-61-61-62-63
65,GOLBAT,Surf,Choice Specs,Normal,153-156-157-159-160-162-165-166-168-169-171-174-175-177-178-181
65,GOLBAT,Strength,Choice Specs,Normal,42-43-43-44-44-45-45-46-46-47-47-48-48-49-49-50
65,GOLBAT,Flash Cannon,Choice Specs,Normal,129-130-132-133-135-136-138-139-141-142-144-145-147-148-150-153
65,GOLBAT,Rock Climb,Choice Specs,Normal,47-48-48-49-49-50-50-51-52-52-53-53-54-54-55-56
65,TOXICROAK,Surf,Choice Specs,Normal,186-189-190-193-195-198-199-202-204-207-208-211-213-216-217-220
65,TOXICROAK,Strength,Choice Specs,Normal,47-48-48-49-49-50-50-51-52-52-53-53-54-54-55-56
65,TOXICROAK,Flash Cannon,Choice Specs,Normal,157-159-160-163-165-166-168-171-172-174-175-178-180-181-183-186
65,TOXICROAK,Rock Climb,Choice Specs,Normal,53-54-54-55-56-56-57-57-58-59-59-60-61-61-62-63
65,BRONZOR,Surf,Choice Specs,Normal,138-139-141-142-145-147-148-150-151-153-154-156-157-159-160-163
65,BRONZOR,Strength,Choice Specs,Normal,19-19-20-20-20-20-20-21-21-21-21-22-22-22-22-23
65,BRONZOR,Flash Cannon,Choice Specs,Normal,58-59-60-60-60-61-62-63-63-64-65-66-66-67-68-69
65,BRONZOR,Rock Climb,Choice Specs,Normal,22-22-22-22-23-23-23-23-24-24-24-24-25-25-25-26
66,HOUNDOUR,Surf,Choice Specs,Normal,519-525-531-537-543-549-555-561-567-573-579-585-591-597-603-612
66,HOUNDOUR,Strength,Choice Specs,Normal,112-113-114-116-117-118-120-121-122-124-125-126-128-129-130-132
66,HOUNDOUR,Flash Cannon,Choice Specs,Normal,109-110-111-113-114-115-117-118-119-120-122-123-124-126-127-129
66,HOUNDOUR,Rock Climb,Choice Specs,Normal,125-127-128-130-131-133-134-136-137-139-140-142-143-145-146-148
66,GLAMEOW,Surf,Choice Specs,Normal,330-333-337-340-345-349-352-357-360-364-369-372-376-379-384-388
66,GLAMEOW,Strength,Choice Specs,Normal,84-85-86-87-88-89-90-91-92-93-94-95-96-97-98-99
66,GLAMEOW,Flash Cannon,Choice Specs,Normal,277-280-283-286-291-294-297-300-303-306-310-313-316-319-322-327
66,GLAMEOW,Rock Climb,Choice Specs,Normal,94-95-96-97-98-99-101-102-103-104-105-106-107-108-109-111
67,GLAMEOW,Surf,Choice Specs,Normal,339-342-346-351-354-358-363-366-370-375-378-382-387-390-394-399
67,GLAMEOW,Strength,Choice Specs,Normal,95-96-97-98-99-100-101-103-104-105-106-107-108-109-110-112
67,GLAMEOW,Flash Cannon,Choice Specs,Normal,285-288-291-295-298-301-304-309-312-315-318-322-325-328-331-336
67,GLAMEOW,Rock Climb,Choice Specs,Normal,107-108-109-110-112-113-114-115-117-118-119-120-122-123-124-126
67,GOLBAT,Surf,Choice Specs,Normal,183-184-187-189-192-193-196-198-199-202-204-207-208-211-213-216
67,GOLBAT,Strength,Choice Specs,Normal,55-55-56-57-57-58-59-59-60-61-61-62-63-63-64-65
67,GOLBAT,Flash Cannon,Choice Specs,Normal,153-156-157-159-160-162-165-166-168-169-171-174-175-177-178-181
67,GOLBAT,Rock Climb,Choice Specs,Normal,62-62-63-64-64-65-66-67-67-68-69-70-70-71-72-73
68,GOLBAT,Surf,Choice Specs,Normal,190-193-195-198-199-202-204-207-208-211-213-216-217-220-222-225
68,GOLBAT,Strength,Choice Specs,Normal,57-58-59-59-60-61-61-62-63-63-64-65-65-66-67-68
68,GOLBAT,Flash Cannon,Choice Specs,Normal,160-163-165-166-169-171-172-174-177-178-180-181-184-186-187-190
68,GOLBAT,Rock Climb,Choice Specs,Normal,64-65-66-66-67-68-69-69-70-71-72-72-73-74-75-76
68,CROAGUNK,Surf,Choice Specs,Normal,321-324-328-331-336-339-343-346-351-354-358-361-366-369-373-378
68,CROAGUNK,Strength,Choice Specs,Normal,90-91-92-93-94-95-96-97-98-99-100-101-102-103-104-106
68,CROAGUNK,Flash Cannon,Choice Specs,Normal,271-274-277-280-283-286-289-292-297-300-303-306-309-312-315-319
68,CROAGUNK,Rock Climb,Choice Specs,Normal,101-102-103-104-105-107-108-109-110-111-113-114-115-116-117-119
68,MURKROW,Surf,Choice Specs,Normal,277-280-283-286-291-294-297-300-303-306-310-313-316-319-322-327
68,MURKROW,Strength,Choice Specs,Normal,86-87-88-89-90-91-92-93-94-95-96-97-98-99-100-102
68,MURKROW,Flash Cannon,Choice Specs,Normal,234-237-240-241-244-247-250-253-256-258-261-264-267-270-273-276
68,MURKROW,Rock Climb,Choice Specs,Normal,96-98-99-100-101-102-103-104-106-107-108-109-110-111-112-114
69,STUNKY,Surf,Choice Specs,Normal,313-316-321-324-327-331-334-339-342-346-349-354-357-361-364-369
69,STUNKY,Strength,Choice Specs,Normal,88-89-90-91-92-93-94-95-96-97-98-99-100-101-102-104
69,STUNKY,Flash Cannon,Choice Specs,Normal,262-267-270-273-276-279-282-285-288-291-294-297-300-303-306-310
69,STUNKY,Rock Climb,Choice Specs,Normal,99-100-101-102-104-105-106-107-108-109-111-112-113-114-115-117
69,CROAGUNK,Surf,Choice Specs,Normal,330-333-337-340-345-349-352-357-360-364-369-372-376-379-384-388
69,CROAGUNK,Strength,Choice Specs,Normal,93-94-95-96-97-99-100-101-102-103-104-105-106-107-108-110
69,CROAGUNK,Flash Cannon,Choice Specs,Normal,277-280-283-286-291-294-297-300-303-306-310-313-316-319-322-327
69,CROAGUNK,Rock Climb,Choice Specs,Normal,105-106-107-109-110-111-112-114-115-116-117-119-120-121-122-124
69,GLAMEOW,Surf,Choice Specs,Normal,339-342-346-351-354-358-363-366-370-375-378-382-387-390-394-399
69,GLAMEOW,Strength,Choice Specs,Normal,86-87-88-89-90-91-92-93-94-95-96-97-98-99-100-102
69,GLAMEOW,Flash Cannon,Choice Specs,Normal,285-288-291-295-298-301-304-309-312-315-318-322-325-328-331-336
69,GLAMEOW,Rock Climb,Choice Specs,Normal,96-98-99-100-101-102-103-104-106-107-108-109-110-111-112-114
69,CROAGUNK,Surf,Choice Specs,Normal,313-316-321-324-327-331-334-339-342-346-349-354-357-361-364-369
69,CROAGUNK,Strength,Choice Specs,Normal,88-89-90-91-92-93-94-95-96-97-98-99-100-101-102-104
69,CROAGUNK,Flash Cannon,Choice Specs,Normal,262-267-270-273-276-279-282-285-288-291-294-297-300-303-306-310
69,CROAGUNK,Rock Climb,Choice Specs,Normal,98-99-100-102-103-104-105-106-107-109-110-111-112-113-114-116
70,BRONZOR,Surf,Choice Specs,Normal,138-139-141-142-145-147-148-150-151-153-154-156-157-159-160-163
70,BRONZOR,Strength,Choice Specs,Normal,19-19-20-20-20-20-20-21-21-21-21-22-22-22-22-23
70,BRONZOR,Flash Cannon,Choice Specs,Normal,58-59-60-60-60-61-62-63-63-64-65-66-66-67-68-69
70,BRONZOR,Rock Climb,Choice Specs,Normal,22-22-22-22-23-23-23-23-24-24-24-24-25-25-25-26
70,BRONZOR,Surf,Choice Specs,Normal,138-139-141-142-145-147-148-150-151-153-154-156-157-159-160-163
70,BRONZOR,Strength,Choice Specs,Normal,19-19-20-20-20-20-20-21-21-21-21-22-22-22-22-23
70,BRONZOR,Flash Cannon,Choice Specs,Normal,58-59-60-60-60-61-62-63-63-64-65-66-66-67-68-69
70,BRONZOR,Rock Climb,Choice Specs,Normal,22-22-22-22-23-23-23-23-24-24-24-24-25-25-25-26
70,SKUNTANK,Surf,Choice Specs,Normal,174-175-178-180-181-184-186-189-190-192-195-196-198-201-202-205
70,SKUNTANK,Strength,Choice Specs,Normal,42-43-43-44-44-45-45-46-46-47-47-48-48-49-49-50
70,SKUNTANK,Flash Cannon,Choice Specs,Normal,147-148-150-153-154-156-157-159-160-163-165-166-168-169-171-174
70,SKUNTANK,Rock Climb,Choice Specs,Normal,47-48-48-49-49-50-50-51-52-52-53-53-54-54-55-56
70,PURUGLY,Surf,Choice Specs,Normal,178-181-183-186-187-189-192-193-196-198-199-202-204-207-208-211
70,PURUGLY,Strength,Choice Specs,Normal,48-49-49-50-50-51-51-52-53-53-54-54-55-55-56-57
70,PURUGLY,Flash Cannon,Choice Specs,Normal,151-153-154-156-157-160-162-163-165-166-169-171-172-174-175-178
70,PURUGLY,Rock Climb,Choice Specs,Normal,54-55-55-56-56-57-58-58-59-60-60-61-62-62-63-64
70,GOLBAT,Surf,Choice Specs,Normal,154-156-159-160-162-163-166-168-169-171-172-175-177-178-180-183
70,GOLBAT,Strength,Choice Specs,Normal,46-47-47-48-48-49-50-50-51-51-52-52-53-53-54-55
70,GOLBAT,Flash Cannon,Choice Specs,Normal,130-132-133-135-136-138-139-141-142-144-145-147-148-150-151-154
70,GOLBAT,Rock Climb,Choice Specs,Normal,51-52-53-53-54-54-55-56-56-57-57-58-59-59-60-61
70,GOLBAT,Surf,Choice Specs,Normal,154-156-159-160-162-163-166-168-169-171-172-175-177-178-180-183
70,GOLBAT,Strength,Choice Specs,Normal,51-52-53-53-54-54-55-56-56-57-57-58-59-59-60-61
70,GOLBAT,Flash Cannon,Choice Specs,Normal,130-132-133-135-136-138-139-141-142-144-145-147-148-150-151-154
70,GOLBAT,Rock Climb,Choice Specs,Normal,57-58-59-59-60-61-61-62-63-63-64-65-65-66-67-68
71,HOUNDOOM,Surf,Choice Specs,Normal,297-300-303-306-312-315-318-321-324-327-333-336-339-342-345-351
71,HOUNDOOM,Strength,Choice Specs,Normal,59-60-60-61-62-63-63-64-65-65-66-67-67-68-69-70
71,HOUNDOOM,Flash Cannon,Choice Specs,Normal,62-63-63-64-65-66-66-67-68-69-69-70-71-72-72-73
71,HOUNDOOM,Rock Climb,Choice Specs,Normal,67-67-68-69-70-71-71-72-73-74-75-75-76-77-78-79
71,GYARADOS,Surf,Choice Specs,Normal,54-55-56-57-57-58-59-60-60-60-61-62-63-63-64-65
71,GYARADOS,Strength,Choice Specs,Normal,41-42-42-43-43-44-44-45-45-46-46-47-47-48-48-49
71,GYARADOS,Flash Cannon,Choice Specs,Normal,46-47-48-48-48-49-50-51-51-51-52-53-53-54-54-55
71,GYARADOS,Rock Climb,Choice Specs,Normal,46-47-47-48-48-49-50-50-51-51-52-52-53-53-54-55
71,HONCHKROW,Surf,Choice Specs,Normal,198-201-202-205-207-210-211-214-217-219-222-223-226-228-231-234
71,HONCHKROW,Strength,Choice Specs,Normal,56-56-57-58-58-59-60-60-61-62-62-63-64-64-65-66
71,HONCHKROW,Flash Cannon,Choice Specs,Normal,168-169-171-174-175-177-180-181-183-186-187-189-192-193-195-198
71,HONCHKROW,Rock Climb,Choice Specs,Normal,62-63-64-65-65-66-67-68-68-69-70-71-71-72-73-74
71,WEAVILE,Surf,Choice Specs,Normal,132-133-135-136-138-139-141-142-144-145-147-148-150-151-153-156
71,WEAVILE,Strength,Choice Specs,Normal,46-47-47-48-48-49-50-50-51-51-52-52-53-53-54-55
71,WEAVILE,Flash Cannon,Choice Specs,Normal,222-225-228-231-234-237-240-240-243-246-249-252-255-258-261-264
71,WEAVILE,Rock Climb,Choice Specs,Normal,52-53-53-54-55-55-56-57-57-58-58-59-60-60-61-62
71,CROBAT,Surf,Choice Specs,Normal,165-166-169-171-172-175-177-178-180-183-184-186-189-190-192-195
71,CROBAT,Strength,Choice Specs,Normal,42-43-43-44-44-45-45-46-46-47-47-48-48-49-49-50
71,CROBAT,Flash Cannon,Choice Specs,Normal,139-141-142-144-145-148-150-151-153-154-156-157-159-160-162-165
71,CROBAT,Rock Climb,Choice Specs,Normal,47-48-48-49-49-50-50-51-52-52-53-53-54-54-55-56
72,WINGULL,Surf,Choice Specs,Normal,232-234-237-240-243-246-249-251-254-257-259-262-265-267-270-273
72,WINGULL,Strength,Choice Specs,Normal,131-133-134-136-137-139-141-142-144-145-147-148-150-151-153-155
72,WINGULL,Flash Cannon,Choice Specs,Normal,195-198-200-202-204-207-209-211-213-216-218-220-222-225-227-230
72,WINGULL,Rock Climb,Choice Specs,Normal,147-149-151-153-154-156-158-160-161-163-165-167-168-170-172-174
72,MACHOKE,Surf,Choice Specs,Normal,246-247-250-253-256-259-262-265-268-271-274-277-280-283-286-289
72,MACHOKE,Strength,Choice Specs,Normal,61-61-62-63-64-64-65-66-66-67-68-69-69-70-71-72
72,MACHOKE,Flash Cannon,Choice Specs,Normal,207-210-211-214-217-219-222-223-226-229-231-234-237-238-241-244
72,MACHOKE,Rock Climb,Choice Specs,Normal,68-69-70-71-72-72-73-74-75-76-76-77-78-79-80-81
72,GASTRODON,Surf,Choice Specs,Normal,180-183-184-186-189-190-193-195-198-199-201-204-205-208-210-213
72,GASTRODON,Strength,Choice Specs,Normal,61-61-62-63-64-64-65-66-66-67-68-69-69-70-71-72
72,GASTRODON,Flash Cannon,Choice Specs,Normal,76-77-78-78-79-81-81-82-83-84-85-86-87-87-88-90
72,GASTRODON,Rock Climb,Choice Specs,Normal,68-69-70-71-72-72-73-74-75-76-76-77-78-79-80-81
73,PACHIRISU,Surf,Choice Specs,Normal,151-153-154-156-157-160-162-163-165-166-169-171-172-174-175-178
73,PACHIRISU,Strength,Choice Specs,Normal,54-55-55-56-56-57-58-58-59-60-60-61-62-62-63-64
73,PACHIRISU,Flash Cannon,Choice Specs,Normal,127-129-130-132-133-135-136-138-139-141-142-144-145-147-148-150
73,PACHIRISU,Rock Climb,Choice Specs,Normal,61-61-62-63-64-64-65-66-66-67-68-69-69-70-71-72
74,MAGNETON,Surf,Choice Specs,Normal,190-193-195-198-199-202-204-207-208-211-213-216-217-220-222-225
74,MAGNETON,Strength,Choice Specs,Normal,19-19-19-19-20-20-20-20-20-21-21-21-21-22-22-22
74,MAGNETON,Flash Cannon,Choice Specs,Normal,80-81-81-82-84-84-85-86-87-88-89-90-91-92-93-94
74,MAGNETON,Rock Climb,Choice Specs,Normal,21-21-21-22-22-22-22-23-23-23-23-24-24-24-24-25
75,MAGNEMITE,Surf,Choice Specs,Normal,288-292-295-298-303-306-309-312-316-319-322-325-330-333-336-340
75,MAGNEMITE,Strength,Choice Specs,Normal,28-29-29-29-30-30-30-31-31-31-32-32-32-33-33-34
75,MAGNEMITE,Flash Cannon,Choice Specs,Normal,122-123-125-126-127-129-130-132-133-135-136-138-139-141-142-144
75,MAGNEMITE,Rock Climb,Choice Specs,Normal,32-32-33-33-33-34-34-34-35-35-36-36-36-37-37-38
75,LUXIO,Surf,Choice Specs,Normal,300-303-307-310-315-318-321-325-328-331-336-339-342-346-349-354
75,LUXIO,Strength,Choice Specs,Normal,85-86-87-88-89-90-91-92-93-94-95-96-97-98-99-100
75,LUXIO,Flash Cannon,Choice Specs,Normal,253-256-259-262-265-268-271-274-277-280-283-286-289-292-295-298
75,LUXIO,Rock Climb,Choice Specs,Normal,95-96-97-98-99-100-101-103-104-105-106-107-108-109-110-112
75,LUXIO,Surf,Choice Specs,Normal,300-303-307-310-315-318-321-325-328-331-336-339-342-346-349-354
75,LUXIO,Strength,Choice Specs,Normal,85-86-87-88-89-90-91-92-93-94-95-96-97-98-99-100
75,LUXIO,Flash Cannon,Choice Specs,Normal,253-256-259-262-265-268-271-274-277-280-283-286-289-292-295-298
75,LUXIO,Rock Climb,Choice Specs,Normal,95-96-97-98-99-100-101-103-104-105-106-107-108-109-110-112
76,ELECTABUZZ,Surf,Choice Specs,Normal,163-165-168-169-171-174-175-177-178-181-183-184-187-189-190-193
76,ELECTABUZZ,Strength,Choice Specs,Normal,68-68-69-70-71-72-72-73-74-75-76-76-77-78-79-80
76,ELECTABUZZ,Flash Cannon,Choice Specs,Normal,138-139-141-142-145-147-148-150-151-153-154-156-157-159-160-163
76,ELECTABUZZ,Rock Climb,Choice Specs,Normal,75-76-77-78-79-80-80-81-82-83-84-85-86-87-88-89
76,RAICHU,Surf,Choice Specs,Normal,169-172-174-175-178-180-181-184-186-187-190-192-193-196-198-201
76,RAICHU,Strength,Choice Specs,Normal,68-68-69-70-71-72-72-73-74-75-76-76-77-78-79-80
76,RAICHU,Flash Cannon,Choice Specs,Normal,144-145-147-148-150-151-153-154-157-159-160-162-163-165-166-169
76,RAICHU,Rock Climb,Choice Specs,Normal,75-76-77-78-79-80-80-81-82-83-84-85-86-87-88-89
77,LUXIO,Surf,Choice Specs,Normal,294-297-300-304-307-310-315-318-321-325-328-331-336-339-342-346
77,LUXIO,Strength,Choice Specs,Normal,93-94-95-96-97-99-100-101-102-103-104-105-106-107-108-110
77,LUXIO,Flash Cannon,Choice Specs,Normal,247-250-253-256-259-262-265-268-271-274-277-280-283-286-289-292
77,LUXIO,Rock Climb,Choice Specs,Normal,104-105-107-108-109-110-111-113-114-115-116-118-119-120-121-123
77,LUXIO,Surf,Choice Specs,Normal,294-297-300-304-307-310-315-318-321-325-328-331-336-339-342-346
77,LUXIO,Strength,Choice Specs,Normal,93-94-95-96-97-99-100-101-102-103-104-105-106-107-108-110
77,LUXIO,Flash Cannon,Choice Specs,Normal,247-250-253-256-259-262-265-268-271-274-277-280-283-286-289-292
77,LUXIO,Rock Climb,Choice Specs,Normal,104-105-107-108-109-110-111-113-114-115-116-118-119-120-121-123
78,ELECTABUZZ,Surf,Choice Specs,Normal,163-165-168-169-171-174-175-177-178-181-183-184-187-189-190-193
78,ELECTABUZZ,Strength,Choice Specs,Normal,76-77-78-79-80-81-81-82-83-84-85-86-87-88-89-90
78,ELECTABUZZ,Flash Cannon,Choice Specs,Normal,138-139-141-142-145-147-148-150-151-153-154-156-157-159-160-163
78,ELECTABUZZ,Rock Climb,Choice Specs,Normal,85-86-87-88-89-90-91-92-93-94-95-96-97-98-99-101
78,MAGNETON,Surf,Choice Specs,Normal,193-195-198-199-202-204-207-208-211-213-216-217-220-222-225-228
78,MAGNETON,Strength,Choice Specs,Normal,21-21-21-22-22-22-22-23-23-23-23-24-24-24-24-25
78,MAGNETON,Flash Cannon,Choice Specs,Normal,81-82-83-84-84-86-87-87-89-90-90-91-93-93-94-96
78,MAGNETON,Rock Climb,Choice Specs,Normal,23-24-24-24-24-25-25-25-26-26-26-26-27-27-27-28
79,JOLTEON,Surf,Choice Specs,Normal,139-141-142-144-145-148-150-151-153-154-156-157-159-160-162-165
79,JOLTEON,Strength,Choice Specs,Normal,52-53-53-54-55-55-56-57-57-58-58-59-60-60-61-62
79,JOLTEON,Flash Cannon,Choice Specs,Normal,118-118-120-121-123-124-126-127-129-130-132-133-135-136-138-139
79,JOLTEON,Rock Climb,Choice Specs,Normal,58-59-60-60-61-62-62-63-64-64-65-66-66-67-68-69
79,RAICHU,Surf,Choice Specs,Normal,145-147-150-151-153-154-156-157-159-162-163-165-166-168-169-172
79,RAICHU,Strength,Choice Specs,Normal,68-68-69-70-71-72-72-73-74-75-76-76-77-78-79-80
79,RAICHU,Flash Cannon,Choice Specs,Normal,123-124-126-127-129-130-132-133-135-136-138-139-141-142-144-145
79,RAICHU,Rock Climb,Choice Specs,Normal,76-77-78-79-80-81-81-82-83-84-85-86-87-88-89-90
79,LUXRAY,Surf,Choice Specs,Normal,174-175-178-180-181-184-186-189-190-192-195-196-198-201-202-205
79,LUXRAY,Strength,Choice Specs,Normal,40-41-41-42-42-43-43-44-44-45-45-46-46-47-47-48
79,LUXRAY,Flash Cannon,Choice Specs,Normal,145-147-150-151-153-154-156-157-159-162-163-165-166-168-169-172
79,LUXRAY,Rock Climb,Choice Specs,Normal,45-46-46-47-48-48-49-49-50-50-51-51-52-52-53-54
79,ELECTIVIRE,Surf,Choice Specs,Normal,153-154-156-157-159-162-163-165-166-168-171-172-174-175-177-180
79,ELECTIVIRE,Strength,Choice Specs,Normal,45-45-46-46-47-47-48-48-49-49-50-50-51-51-52-53
79,ELECTIVIRE,Flash Cannon,Choice Specs,Normal,127-129-130-132-133-135-136-138-139-141-142-144-145-147-148-151
79,ELECTIVIRE,Rock Climb,Choice Specs,Normal,51-51-52-52-53-54-54-55-55-56-57-57-58-58-59-60
80,MANTYKE,Surf,Choice Specs,Normal,65-66-66-67-68-69-69-70-71-72-72-73-74-75-75-77
80,MANTYKE,Strength,Choice Specs,Normal,102-103-104-105-106-108-109-110-111-112-114-115-116-117-118-120
80,MANTYKE,Waterfall,Choice Specs,Normal,76-77-78-78-79-81-81-82-83-84-85-86-87-87-88-90
80,MANTYKE,Rock Climb,Choice Specs,Normal,114-116-117-118-120-121-122-124-125-126-128-129-130-132-133-135
80,REMORAID,Surf,Choice Specs,Normal,216-218-220-223-225-228-231-233-236-238-241-243-246-249-251-254
80,REMORAID,Strength,Choice Specs,Normal,139-141-142-144-145-147-149-150-152-154-155-157-159-160-162-164
80,REMORAID,Waterfall,Choice Specs,Normal,104-105-106-108-108-110-111-112-114-115-116-117-119-120-121-123
80,REMORAID,Rock Climb,Choice Specs,Normal,156-158-160-161-163-165-167-169-171-172-174-176-178-180-182-184
80,MANTINE,Surf,Choice Specs,Normal,60-60-61-62-63-63-64-65-66-66-67-68-69-69-70-71
80,MANTINE,Strength,Choice Specs,Normal,73-74-75-76-77-78-79-80-80-81-82-83-84-85-86-87
80,MANTINE,Waterfall,Choice Specs,Normal,54-55-56-57-57-58-59-60-60-60-61-62-63-63-64-65
80,MANTINE,Rock Climb,Choice Specs,Normal,83-84-85-86-87-88-89-90-91-92-93-94-95-96-97-98
81,BLISSEY,Surf,Choice Specs,Normal,129-130-132-133-135-136-138-139-141-142-144-145-147-148-150-153
81,BLISSEY,Strength,Choice Specs,Normal,264-267-270-273-276-279-283-286-289-292-295-298-301-304-307-311
81,BLISSEY,Waterfall,Choice Specs,Normal,396-400-405-409-414-418-424-429-433-438-442-447-451-456-460-466
81,BLISSEY,Rock Climb,Choice Specs,Normal,297-301-304-308-311-315-318-322-325-329-332-336-339-343-346-350
81,MAGNEZONE,Surf,Choice Specs,Normal,178-180-181-184-186-189-190-192-195-196-199-201-202-205-207-210
81,MAGNEZONE,Strength,Choice Specs,Normal,18-18-18-18-19-19-19-19-19-20-20-20-20-21-21-21
81,MAGNEZONE,Waterfall,Choice Specs,Normal,54-54-55-55-57-57-58-58-58-60-60-61-61-63-63-64
81,MAGNEZONE,Rock Climb,Choice Specs,Normal,20-21-21-21-21-22-22-22-22-23-23-23-23-24-24-24
81,GLALIE,Surf,Choice Specs,Normal,208-211-213-216-217-220-223-225-228-231-232-235-238-240-243-246
81,GLALIE,Strength,Choice Specs,Normal,53-54-54-55-56-56-57-57-58-59-59-60-61-61-62-63
81,GLALIE,Waterfall,Choice Specs,Normal,79-81-81-82-84-84-85-85-87-88-88-90-91-91-93-94
81,GLALIE,Rock Climb,Choice Specs,Normal,59-60-60-61-62-63-63-64-65-65-66-67-67-68-69-70
82,MAMOSWINE,Surf,Choice Specs,Normal,492-495-501-507-513-519-525-531-537-543-549-555-561-567-573-579
82,MAMOSWINE,Strength,Choice Specs,Normal,54-55-55-56-56-57-58-58-59-60-60-61-62-62-63-64
82,MAMOSWINE,Waterfall,Choice Specs,Normal,162-165-165-168-168-171-174-174-177-180-180-183-186-186-189-192
82,MAMOSWINE,Rock Climb,Choice Specs,Normal,61-61-62-63-64-64-65-66-66-67-68-69-69-70-71-72
82,RAMPARDOS,Surf,Choice Specs,Normal,543-552-558-564-570-576-582-588-597-603-609-615-621-627-633-642
82,RAMPARDOS,Strength,Choice Specs,Normal,30-30-31-31-32-32-32-33-33-33-34-34-34-35-35-36
82,RAMPARDOS,Waterfall,Choice Specs,Normal,183-183-186-189-192-192-195-198-198-201-204-207-207-210-213-216
82,RAMPARDOS,Rock Climb,Choice Specs,Normal,34-34-35-35-36-36-36-37-37-38-38-38-39-39-40-40
82,MOTHIM,Surf,Choice Specs,Normal,273-276-280-283-286-289-292-295-298-303-306-309-312-315-318-322
82,MOTHIM,Strength,Choice Specs,Normal,86-87-88-89-90-91-92-93-94-95-96-97-98-99-100-102
82,MOTHIM,Waterfall,Choice Specs,Normal,129-130-132-133-135-136-138-139-141-142-144-145-147-148-150-153
82,MOTHIM,Rock Climb,Choice Specs,Normal,96-98-99-100-101-102-103-104-106-107-108-109-110-111-112-114
83,CLEFABLE,Surf,Choice Specs,Normal,195-196-199-201-204-205-208-210-213-214-217-219-222-223-226-229
83,CLEFABLE,Strength,Choice Specs,Normal,61-61-62-63-64-64-65-66-66-67-68-69-69-70-71-72
83,CLEFABLE,Waterfall,Choice Specs,Normal,91-91-93-94-96-96-97-99-99-100-102-103-103-105-106-108
83,CLEFABLE,Rock Climb,Choice Specs,Normal,68-68-69-70-71-72-72-73-74-75-76-76-77-78-79-80
83,TORTERRA,Surf,Choice Specs,Normal,178-181-183-186-187-189-192-193-196-198-199-202-204-207-208-211
83,TORTERRA,Strength,Choice Specs,Normal,47-48-48-49-49-50-50-51-52-52-53-53-54-54-55-56
83,TORTERRA,Waterfall,Choice Specs,Normal,70-72-72-73-73-75-75-76-78-78-79-79-81-81-82-84
83,TORTERRA,Rock Climb,Choice Specs,Normal,53-54-54-55-56-56-57-57-58-59-59-60-61-61-62-63
84,MACHAMP,Surf,Choice Specs,Normal,180-183-184-186-189-190-193-195-198-199-201-204-205-208-210-213
84,MACHAMP,Strength,Choice Specs,Normal,56-56-57-58-58-59-60-60-61-62-62-63-64-64-65-66
84,MACHAMP,Waterfall,Choice Specs,Normal,84-84-85-87-87-88-90-90-91-93-93-94-96-96-97-99
84,MACHAMP,Rock Climb,Choice Specs,Normal,62-63-64-65-65-66-67-68-68-69-70-71-71-72-73-74
85,CHIMECHO,Surf,Choice Specs,Normal,237-240-243-246-249-252-255-258-259-262-265-268-271-274-277-280
85,CHIMECHO,Strength,Choice Specs,Normal,69-70-71-72-72-73-74-75-76-77-77-78-79-80-81-82
85,CHIMECHO,Waterfall,Choice Specs,Normal,103-105-106-108-108-109-111-112-114-115-115-117-118-120-121-123
85,CHIMECHO,Rock Climb,Choice Specs,Normal,78-79-80-80-81-82-83-84-85-86-87-88-89-90-91-92
85,ABSOL,Surf,Choice Specs,Normal,270-273-276-279-282-285-288-292-295-298-301-304-307-310-313-318
85,ABSOL,Strength,Choice Specs,Normal,78-79-80-80-81-82-83-84-85-86-87-88-89-90-91-92
85,ABSOL,Waterfall,Choice Specs,Normal,117-118-120-120-121-123-124-126-127-129-130-132-133-135-136-138
85,ABSOL,Rock Climb,Choice Specs,Normal,87-88-89-90-91-92-93-94-95-96-97-98-99-100-101-103
85,DUSKNOIR,Surf,Choice Specs,Normal,127-129-130-132-133-135-136-138-139-141-142-144-145-147-148-150
85,DUSKNOIR,Strength,Choice Specs,Normal,0-0-0-0-0-0-0-0-0-0-0-0-0-0-0-0
85,DUSKNOIR,Waterfall,Choice Specs,Normal,55-55-57-57-58-58-60-60-60-61-61-63-63-64-64-66
85,DUSKNOIR,Rock Climb,Choice Specs,Normal,0-0-0-0-0-0-0-0-0-0-0-0-0-0-0-0
86,ALTARIA,Surf,Choice Specs,Normal,72-73-75-75-76-77-78-78-79-81-81-82-83-84-84-86
86,ALTARIA,Strength,Choice Specs,Normal,53-54-54-55-56-56-57-57-58-59-59-60-61-61-62-63
86,ALTARIA,Waterfall,Choice Specs,Normal,39-40-40-41-42-42-42-42-43-44-44-45-45-45-46-47
86,ALTARIA,Rock Climb,Choice Specs,Normal,60-61-61-62-63-63-64-65-66-66-67-68-68-69-70-71
86,GABITE,Surf,Choice Specs,Normal,274-277-280-285-288-291-294-297-300-304-307-310-313-316-319-324
86,GABITE,Strength,Choice Specs,Normal,77-78-79-80-80-81-82-83-84-85-86-87-88-89-90-91
86,GABITE,Waterfall,Choice Specs,Normal,115-117-118-120-120-121-123-124-126-127-129-130-132-133-135-136
86,GABITE,Rock Climb,Choice Specs,Normal,86-87-88-89-90-91-92-93-94-95-96-97-98-99-100-102
87,PORYGON-Z,Surf,Choice Specs,Normal,229-231-234-237-240-243-244-247-250-253-256-258-261-264-267-270
87,PORYGON-Z,Strength,Choice Specs,Normal,63-64-65-66-66-67-68-69-69-70-71-72-72-73-74-75
87,PORYGON-Z,Waterfall,Choice Specs,Normal,94-96-97-99-99-100-102-103-103-105-106-108-108-109-111-112
87,PORYGON-Z,Rock Climb,Choice Specs,Normal,71-72-73-73-74-75-76-77-78-78-79-80-81-82-83-84
87,TANGROWTH,Surf,Choice Specs,Normal,145-147-149-150-152-154-156-157-159-161-162-164-166-168-169-171
87,TANGROWTH,Strength,Choice Specs,Normal,38-38-39-39-40-40-40-41-41-42-42-43-43-44-44-45
87,TANGROWTH,Waterfall,Choice Specs,Normal,28-28-29-29-30-30-30-30-30-31-31-32-32-33-33-33
87,TANGROWTH,Rock Climb,Choice Specs,Normal,42-43-43-44-44-45-45-46-46-47-47-48-48-49-49-50
87,EMPOLEON,Surf,Choice Specs,Normal,79-80-81-82-83-84-84-86-87-87-88-90-90-91-92-93
87,EMPOLEON,Strength,Choice Specs,Normal,25-26-26-26-27-27-27-28-28-28-28-29-29-29-30-30
87,EMPOLEON,Waterfall,Choice Specs,Normal,38-39-39-39-40-40-41-42-42-42-42-43-44-44-45-45
87,EMPOLEON,Rock Climb,Choice Specs,Normal,29-29-30-30-30-31-31-31-32-32-32-33-33-33-34-34
88,GIBLE,Surf,Choice Specs,Normal,373-376-381-385-390-394-399-403-408-412-417-421-426-430-435-439
88,GIBLE,Strength,Choice Specs,Normal,98-99-100-102-103-104-105-106-107-109-110-111-112-113-114-116
88,GIBLE,Waterfall,Choice Specs,Normal,147-148-150-153-154-156-157-159-160-163-165-166-168-169-171-174
88,GIBLE,Rock Climb,Choice Specs,Normal,111-112-113-115-116-117-119-120-121-123-124-125-127-128-129-131
88,GABITE,Surf,Choice Specs,Normal,268-271-274-277-280-283-288-291-294-297-300-303-306-309-312-316
88,GABITE,Strength,Choice Specs,Normal,73-73-74-75-76-77-78-79-79-80-81-82-83-84-85-86
88,GABITE,Waterfall,Choice Specs,Normal,109-109-111-112-114-115-117-118-118-120-121-123-124-126-127-129
88,GABITE,Rock Climb,Choice Specs,Normal,81-82-83-84-85-86-87-88-89-90-91-92-93-94-95-96
88,SWABLU,Surf,Choice Specs,Normal,210-211-214-217-219-222-225-226-229-232-234-237-240-241-244-247
88,SWABLU,Strength,Choice Specs,Normal,81-82-83-84-85-86-87-88-89-90-91-92-93-94-95-96
88,SWABLU,Waterfall,Choice Specs,Normal,121-123-124-126-127-129-130-132-133-135-136-138-139-141-142-144
88,SWABLU,Rock Climb,Choice Specs,Normal,91-92-93-95-96-97-98-99-100-101-102-103-104-105-106-108
89,STARAPTOR,Surf,Choice Specs,Normal,268-271-274-277-280-283-288-291-294-297-300-303-306-309-312-316
89,STARAPTOR,Strength,Choice Specs,Normal,55-55-56-57-57-58-59-59-60-61-61-62-63-63-64-65
89,STARAPTOR,Waterfall,Choice Specs,Normal,82-82-84-85-85-87-88-88-90-91-91-93-94-94-96-97
89,STARAPTOR,Rock Climb,Choice Specs,Normal,62-62-63-64-64-65-66-67-67-68-69-70-70-71-72-73
89,TORTERRA,Surf,Choice Specs,Normal,166-168-169-172-174-175-178-180-181-184-186-187-190-192-193-196
89,TORTERRA,Strength,Choice Specs,Normal,40-41-41-42-42-43-43-44-44-45-45-46-46-47-47-48
89,TORTERRA,Waterfall,Choice Specs,Normal,60-61-61-63-63-64-64-66-66-67-67-69-69-70-70-72
89,TORTERRA,Rock Climb,Choice Specs,Normal,45-46-46-47-48-48-49-49-50-50-51-51-52-52-53-54
89,HERACROSS,Surf,Choice Specs,Normal,160-163-165-166-169-171-172-174-177-178-180-181-184-186-187-190
89,HERACROSS,Strength,Choice Specs,Normal,57-58-59-59-60-61-61-62-63-63-64-65-65-66-67-68
89,HERACROSS,Waterfall,Choice Specs,Normal,85-87-88-88-90-91-91-93-94-94-96-97-97-99-100-102
89,HERACROSS,Rock Climb,Choice Specs,Normal,64-65-66-66-67-68-69-69-70-71-72-72-73-74-75-76
89,FLOATZEL,Surf,Choice Specs,Normal,135-138-139-141-142-144-145-147-149-150-152-153-155-156-158-160
89,FLOATZEL,Strength,Choice Specs,Normal,74-75-76-77-78-79-80-80-81-82-83-84-85-86-87-88
89,FLOATZEL,Waterfall,Choice Specs,Normal,55-56-57-57-58-59-60-60-60-61-62-63-63-64-65-66
89,FLOATZEL,Rock Climb,Choice Specs,Normal,84-85-86-87-88-89-90-91-92-93-94-95-96-97-98-99
89,SNORLAX,Surf,Choice Specs,Normal,157-159-160-163-165-166-168-171-172-174-175-178-180-181-183-186
89,SNORLAX,Strength,Choice Specs,Normal,63-64-65-66-66-67-68-69-69-70-71-72-72-73-74-75
89,SNORLAX,Waterfall,Choice Specs,Normal,94-96-97-99-99-100-102-103-103-105-106-108-108-109-111-112
89,SNORLAX,Rock Climb,Choice Specs,Normal,72-73-73-74-75-76-77-78-79-79-80-81-82-83-84-85
89,RAPIDASH,Surf,Choice Specs,Normal,384-387-393-396-402-405-411-414-420-423-429-432-438-441-447-453
89,RAPIDASH,Strength,Choice Specs,Normal,56-57-58-58-59-60-60-61-62-62-63-64-64-65-66-67
89,RAPIDASH,Waterfall,Choice Specs,Normal,168-171-174-174-177-180-180-183-186-186-189-192-192-195-198-201
89,RAPIDASH,Rock Climb,Choice Specs,Normal,63-64-65-66-66-67-68-69-69-70-71-72-72-73-74-75
90,YANMEGA,Surf,Choice Specs,Normal,264-267-270-274-277-280-283-286-289-292-295-298-301-304-307-312
90,YANMEGA,Strength,Choice Specs,Normal,50-50-51-51-52-53-53-54-54-55-56-56-57-57-58-59
90,YANMEGA,Waterfall,Choice Specs,Normal,75-75-76-76-78-79-79-81-81-82-84-84-85-85-87-88
90,YANMEGA,Rock Climb,Choice Specs,Normal,56-56-57-58-58-59-60-60-61-62-62-63-64-64-65-66
90,HERACROSS,Surf,Choice Specs,Normal,166-168-169-172-174-175-178-180-181-184-186-187-190-192-193-196
90,HERACROSS,Strength,Choice Specs,Normal,53-54-54-55-56-56-57-57-58-59-59-60-61-61-62-63
90,HERACROSS,Waterfall,Choice Specs,Normal,79-81-81-82-84-84-85-85-87-88-88-90-91-91-93-94
90,HERACROSS,Rock Climb,Choice Specs,Normal,60-61-61-62-63-63-64-65-66-66-67-68-68-69-70-71
90,VESPIQUEN,Surf,Choice Specs,Normal,130-132-133-135-136-138-139-141-142-144-145-147-148-150-151-154
90,VESPIQUEN,Strength,Choice Specs,Normal,42-43-43-44-44-45-45-46-46-47-47-48-48-49-49-50
90,VESPIQUEN,Waterfall,Choice Specs,Normal,63-64-64-66-66-67-67-69-69-70-70-72-72-73-73-75
90,VESPIQUEN,Rock Climb,Choice Specs,Normal,47-48-48-49-49-50-50-51-52-52-53-53-54-54-55-56
90,SCIZOR,Surf,Choice Specs,Normal,163-165-168-169-171-174-175-177-178-181-183-184-187-189-190-193
90,SCIZOR,Strength,Choice Specs,Normal,24-24-25-25-25-26-26-26-26-27-27-27-28-28-28-29
90,SCIZOR,Waterfall,Choice Specs,Normal,73-73-75-76-76-78-78-79-79-81-82-82-84-84-85-87
90,SCIZOR,Rock Climb,Choice Specs,Normal,27-27-28-28-28-29-29-29-30-30-30-31-31-31-32-32
90,DRAPION,Surf,Choice Specs,Normal,178-181-183-186-187-189-192-193-196-198-199-202-204-207-208-211
90,DRAPION,Strength,Choice Specs,Normal,39-39-40-40-40-41-41-42-42-43-43-44-44-45-45-46
90,DRAPION,Waterfall,Choice Specs,Normal,58-58-60-60-60-61-61-63-63-64-64-66-66-67-67-69
90,DRAPION,Rock Climb,Choice Specs,Normal,43-43-44-44-45-45-46-46-47-47-48-48-49-49-50-51
91,WHISCASH,Surf,Choice Specs,Normal,196-199-201-204-205-208-211-213-216-217-220-222-225-226-229-232
91,WHISCASH,Strength,Choice Specs,Normal,62-63-64-65-65-66-67-68-68-69-70-71-71-72-73-74
91,WHISCASH,Waterfall,Choice Specs,Normal,93-94-96-97-97-99-100-102-102-103-105-106-106-108-109-111
91,WHISCASH,Rock Climb,Choice Specs,Normal,70-71-72-73-73-74-75-76-77-78-78-79-80-81-82-83
91,HIPPOWDON,Surf,Choice Specs,Normal,375-381-384-390-393-399-402-408-411-417-420-426-429-435-438-444
91,HIPPOWDON,Strength,Choice Specs,Normal,37-37-38-38-39-39-40-40-40-41-41-42-42-43-43-44
91,HIPPOWDON,Waterfall,Choice Specs,Normal,111-111-114-114-117-117-120-120-120-123-123-126-126-129-129-132
91,HIPPOWDON,Rock Climb,Choice Specs,Normal,41-42-42-43-43-44-44-45-45-46-46-47-47-48-48-49
91,GLISCOR,Surf,Choice Specs,Normal,357-363-366-372-375-378-384-387-393-396-399-405-408-414-417-423
91,GLISCOR,Strength,Choice Specs,Normal,34-35-35-36-36-36-37-37-38-38-38-39-39-40-40-41
91,GLISCOR,Waterfall,Choice Specs,Normal,102-105-105-108-108-108-111-111-114-114-114-117-117-120-120-123
91,GLISCOR,Rock Climb,Choice Specs,Normal,39-39-40-40-40-41-41-42-42-43-43-44-44-45-45-46
91,GOLEM,Surf,Choice Specs,Normal,816-822-834-840-852-864-870-882-888-900-912-918-930-936-948-960
91,GOLEM,Strength,Choice Specs,Normal,17-17-17-17-17-18-18-18-18-18-19-19-19-19-19-20
91,GOLEM,Waterfall,Choice Specs,Normal,204-204-204-210-210-216-216-216-222-222-228-228-228-234-234-240
91,GOLEM,Rock Climb,Choice Specs,Normal,19-19-19-19-20-20-20-20-20-21-21-21-21-22-22-22
91,RHYPERIOR,Surf,Choice Specs,Normal,978-990-1002-1008-1020-1032-1044-1056-1068-1080-1092-1104-1116-1128-1140-1152
91,RHYPERIOR,Strength,Choice Specs,Normal,16-16-16-16-16-17-17-17-17-17-18-18-18-18-18-19
91,RHYPERIOR,Waterfall,Choice Specs,Normal,192-192-198-198-198-204-204-204-210-210-216-216-216-222-222-228
91,RHYPERIOR,Rock Climb,Choice Specs,Normal,18-18-18-18-19-19-19-19-19-20-20-20-20-21-21-21
92,HOUNDOOM,Surf,Choice Specs,Normal,363-366-372-375-381-384-390-393-396-402-405-411-414-420-423-429
92,HOUNDOOM,Strength,Choice Specs,Normal,69-70-71-72-72-73-74-75-76-77-77-78-79-80-81-82
92,HOUNDOOM,Waterfall,Choice Specs,Normal,207-210-213-216-216-219-222-225-228-231-231-234-237-240-243-246
92,HOUNDOOM,Rock Climb,Choice Specs,Normal,79-79-80-81-82-83-84-85-86-87-88-89-90-91-92-93
92,INFERNAPE,Surf,Choice Specs,Normal,381-387-390-396-399-405-408-414-417-423-426-432-435-441-444-450
92,INFERNAPE,Strength,Choice Specs,Normal,51-52-53-53-54-54-55-56-56-57-57-58-59-59-60-61
92,INFERNAPE,Waterfall,Choice Specs,Normal,153-156-159-159-162-162-165-168-168-171-171-174-177-177-180-183
92,INFERNAPE,Rock Climb,Choice Specs,Normal,57-58-59-59-60-61-61-62-63-63-64-65-65-66-67-68
92,MAGMORTAR,Surf,Choice Specs,Normal,264-267-270-273-276-279-282-285-288-291-294-297-300-303-306-312
92,MAGMORTAR,Strength,Choice Specs,Normal,62-63-64-65-65-66-67-68-68-69-70-71-71-72-73-74
92,MAGMORTAR,Waterfall,Choice Specs,Normal,186-189-192-195-195-198-201-204-204-207-210-213-213-216-219-222
92,MAGMORTAR,Rock Climb,Choice Specs,Normal,70-71-72-73-73-74-75-76-77-78-78-79-80-81-82-83
92,FLAREON,Surf,Choice Specs,Normal,270-273-276-279-282-285-288-291-294-297-300-303-306-309-312-318
92,FLAREON,Strength,Choice Specs,Normal,63-64-65-66-66-67-68-69-69-70-71-72-72-73-74-75
92,FLAREON,Waterfall,Choice Specs,Normal,189-192-195-198-198-201-204-207-207-210-213-216-216-219-222-225
92,FLAREON,Rock Climb,Choice Specs,Normal,71-72-73-73-74-75-76-77-78-78-79-80-81-82-83-84
92,RAPIDASH,Surf,Choice Specs,Normal,360-366-369-372-378-381-387-390-396-399-402-408-411-417-420-426
92,RAPIDASH,Strength,Choice Specs,Normal,58-59-60-60-61-62-62-63-64-64-65-66-66-67-68-69
92,RAPIDASH,Waterfall,Choice Specs,Normal,174-177-180-180-183-186-186-189-192-192-195-198-198-201-204-207
92,RAPIDASH,Rock Climb,Choice Specs,Normal,66-67-67-68-69-70-70-71-72-73-74-74-75-76-77-78
93,MRMIME,Surf,Choice Specs,Normal,129-130-132-133-135-136-138-139-141-142-144-145-147-148-150-153
93,MRMIME,Strength,Choice Specs,Normal,70-71-72-73-73-74-75-76-77-78-78-79-80-81-82-83
93,MRMIME,Waterfall,Choice Specs,Normal,105-106-108-109-109-111-112-114-115-117-117-118-120-121-123-124
93,MRMIME,Rock Climb,Choice Specs,Normal,79-79-80-81-82-83-84-85-86-87-88-89-90-91-92-93
93,GALLADE,Surf,Choice Specs,Normal,111-112-114-115-117-118-120-120-121-123-124-126-127-129-130-132
93,GALLADE,Strength,Choice Specs,Normal,56-57-58-58-59-60-60-61-62-62-63-64-64-65-66-67
93,GALLADE,Waterfall,Choice Specs,Normal,84-85-87-87-88-90-90-91-93-93-94-96-96-97-99-100
93,GALLADE,Rock Climb,Choice Specs,Normal,64-65-66-66-67-68-69-69-70-71-72-72-73-74-75-76
93,ALAKAZAM,Surf,Choice Specs,Normal,163-165-168-169-171-174-175-177-178-181-183-184-187-189-190-193
93,ALAKAZAM,Strength,Choice Specs,Normal,78-79-80-80-81-82-83-84-85-86-87-88-89-90-91-92
93,ALAKAZAM,Waterfall,Choice Specs,Normal,117-118-120-120-121-123-124-126-127-129-130-132-133-135-136-138
93,ALAKAZAM,Rock Climb,Choice Specs,Normal,87-88-89-90-91-92-93-94-95-96-97-98-99-100-101-103
93,BRONZONG,Surf,Choice Specs,Normal,147-148-150-153-154-156-157-159-160-163-165-166-168-169-171-174
93,BRONZONG,Strength,Choice Specs,Normal,19-19-20-20-20-20-20-21-21-21-21-22-22-22-22-23
93,BRONZONG,Waterfall,Choice Specs,Normal,58-58-60-60-60-61-61-63-63-64-64-66-66-67-67-69
93,BRONZONG,Rock Climb,Choice Specs,Normal,22-22-22-22-23-23-23-23-24-24-24-24-25-25-25-26
93,ESPEON,Surf,Choice Specs,Normal,153-154-156-157-159-162-163-165-166-168-171-172-174-175-177-180
93,ESPEON,Strength,Choice Specs,Normal,64-65-66-66-67-68-69-69-70-71-72-72-73-74-75-76
93,ESPEON,Waterfall,Choice Specs,Normal,96-97-99-99-100-102-103-103-105-106-108-108-109-111-112-114
93,ESPEON,Rock Climb,Choice Specs,Normal,73-73-74-75-76-77-78-79-79-80-81-82-83-84-85-86
94,SPIRITOMB,Surf,Choice Specs,Normal,130-132-133-135-136-138-139-141-142-144-145-147-148-150-151-154
94,SPIRITOMB,Strength,Choice Specs,Normal,0-0-0-0-0-0-0-0-0-0-0-0-0-0-0-0
94,SPIRITOMB,Waterfall,Choice Specs,Normal,58-58-60-60-60-61-61-63-63-64-64-66-66-67-67-69
94,SPIRITOMB,Rock Climb,Choice Specs,Normal,0-0-0-0-0-0-0-0-0-0-0-0-0-0-0-0
94,GARCHOMP,Surf,Choice Specs,Normal,157-159-160-163-165-166-168-171-172-174-175-178-180-181-183-186
94,GARCHOMP,Strength,Choice Specs,Normal,42-43-43-44-44-45-45-46-46-47-47-48-48-49-49-50
94,GARCHOMP,Waterfall,Choice Specs,Normal,63-64-64-66-66-67-67-69-69-70-70-72-72-73-73-75
94,GARCHOMP,Rock Climb,Choice Specs,Normal,47-48-48-49-49-50-50-51-52-52-53-53-54-54-55-56
94,LUCARIO,Surf,Choice Specs,Normal,174-175-178-180-181-184-186-189-190-192-195-196-198-201-202-205
94,LUCARIO,Strength,Choice Specs,Normal,28-28-28-29-29-29-30-30-30-31-31-31-32-32-32-33
94,LUCARIO,Waterfall,Choice Specs,Normal,84-84-85-87-87-88-90-90-91-93-93-94-96-96-97-99
94,LUCARIO,Rock Climb,Choice Specs,Normal,31-31-32-32-32-33-33-34-34-34-35-35-35-36-36-37
94,TOGEKISS,Surf,Choice Specs,Normal,127-129-130-132-133-135-136-138-139-141-142-144-145-147-148-150
94,TOGEKISS,Strength,Choice Specs,Normal,44-44-45-45-46-46-47-47-48-48-49-49-50-50-51-52
94,TOGEKISS,Waterfall,Choice Specs,Normal,66-66-67-67-69-69-70-70-72-72-73-73-75-75-76-78
94,TOGEKISS,Rock Climb,Choice Specs,Normal,49-49-50-51-51-52-52-53-53-54-55-55-56-56-57-58
94,ROSERADE,Surf,Choice Specs,Normal,71-72-72-73-74-75-75-77-78-78-79-80-81-81-82-84
94,ROSERADE,Strength,Choice Specs,Normal,77-78-79-80-80-81-82-83-84-85-86-87-88-89-90-91
94,ROSERADE,Waterfall,Choice Specs,Normal,57-58-59-60-60-60-61-62-63-63-64-65-66-66-67-68
94,ROSERADE,Rock Climb,Choice Specs,Normal,86-87-88-89-90-91-92-93-94-95-96-97-98-99-100-102
94,MILOTIC,Surf,Choice Specs,Normal,61-62-63-63-64-65-66-66-67-68-69-69-70-71-72-72
94,MILOTIC,Strength,Choice Specs,Normal,52-53-53-54-55-55-56-57-57-58-58-59-60-60-61-62
94,MILOTIC,Waterfall,Choice Specs,Normal,39-39-39-40-41-41-42-42-42-43-43-44-45-45-45-46
94,MILOTIC,Rock Climb,Choice Specs,Normal,59-60-60-61-62-63-63-64-65-65-66-67-67-68-69-70
